temperature,pressure,vibration
52.483570765056164,113.99355436586002,4.324821725025618
49.308678494144075,109.24633682912769,4.8554813292844825
53.23844269050346,100.59630369920174,4.207580079000039
57.61514928204013,93.53063222294426,4.69203847036096
48.82923312638332,106.9822331361359,3.106385333046214
48.8293152152541,103.9348538542175,5.213293707372938
57.896064077536955,108.95193220027733,5.001205475362224
53.837173645764544,106.35171801681969,4.182911368931809
47.65262807032524,110.49552715319335,5.659245668432405
52.712800217929825,94.64764788439432,5.937570137626558
47.68291153593769,113.17394065634326,3.392440135631026
47.671351232148716,101.975996046924,4.237275221433785
51.20981135783017,120.75260872625265,4.230857650212702
40.43359877671101,93.10812181910433,4.0600968988911355
41.375410837434835,117.3596380316525,5.829474841931749
47.188562353795135,101.97910783462648,4.8061738612271965
44.93584439832788,93.48581996385552,4.735485158689389
51.57123666297637,95.16114165945679,2.9961376355932465
45.45987962239394,96.7965269180568,5.635418030209227
42.93848149332354,104.24165946401916,3.7607416051465274
57.32824384460777,105.228354880355,5.059932630266328
48.87111849756732,94.26299996061421,5.277376937958191
50.337641023439616,99.75645407739017,6.360658595838651
42.87625906893272,121.42270358611864,3.691179600880888
47.27808637737409,117.27543170100711,1.9804878441791747
50.554612948549334,104.36323669674032,5.183849544753695
44.24503211288849,100.380034781682,6.800511181510854
51.87849009172836,101.20031326718261,6.238946352939437
46.99680655040598,106.13517972730416,5.209659415274626
48.54153125103362,89.77207434801595,4.508363814367953
46.991466938853016,97.42623462576655,5.80712259663731
59.26139092254469,83.3141592612241,4.026453800295531
49.93251387631033,103.9922312260528,5.476357769356219
44.7114453552205,106.4719593970274,5.505470159166627
54.11272456051594,95.16813537700627,6.06020990749888
43.89578175014489,115.73986763290033,7.759660038911077
51.04431797502378,87.7423433699766,5.392415967178767
40.201649380601125,85.3562511979018,4.491036374292501
43.359069755507846,102.24451818559972,4.974425687808005
50.984306179345616,110.47098302612154,3.2309240951108817
53.69233289997705,116.83927691457869,4.305286868910942
50.85684140594985,95.4111573713106,4.590717561886896
49.4217585880588,110.78680833431295,4.475911602065407
48.494481522053555,99.61491530499293,5.152354872033722
42.60739004816286,98.2737270005918,4.177580067617799
46.40077895802646,108.83659937486672,6.121030667324471
47.696806145201066,106.52322878413419,5.000207064918197
55.285611131094576,84.2360784301575,4.990699678861386
51.718091447842305,114.76540349725896,4.672105283487082
41.18479922318633,113.80091354147451,5.155190683858979
51.620419846973974,93.7443729849047,5.825098264667635
48.07458859791842,103.95803533437409,4.1328697842891
46.61538999847021,104.94030186282738,4.341883510924744
53.058381444204336,102.60673765823907,4.696273971223335
55.154997612479754,94.4969484615458,3.654129076526785
54.65640059558099,93.28376632061949,4.180742140278502
45.80391238388681,99.74445929008554,4.523779126455341
48.45393812074393,111.72729019259364,5.874389180712727
51.65631715701782,105.43600154594432,5.262561329001925
54.877725635611796,228.27654570600987,5.193589911367544
47.60412881077355,107.71698710648344,5.850897962167972
49.07170511668092,71.51457379369924,4.862628211600604
44.468325129969855,111.48765700372104,5.39046484992889
44.01896687959665,82.60286221221901,4.896778247067504
54.06262911197099,96.37559058596868,5.265362349399629
56.78120014285412,88.80330105373856,4.417241342388418
49.63994939209833,87.05318524279095,2.561182841723571
55.01766448946012,111.6082678737852,4.865720837813696
51.808180125238174,95.32298798688109,6.4227481360999406
46.774401226974376,103.46503881730716,5.926215402241592
51.80697802754207,99.53079421120816,5.965397484591171
57.690182832329846,104.77040827223121,6.236130721806218
49.82086980445024,100.76821891060256,5.0886575909614375
57.82321827907003,87.1700777581143,5.197315707405596
36.901274479551276,109.9626681944714,4.38234810456565
54.10951252187612,95.06243416838687,4.683927143972951
50.435235341190854,294.76861770642796,5.615771149771142
48.50496324767066,95.71884839034088,6.203884437168816
50.458803882677515,115.00759790634311,4.860553724319001
40.06215542699554,202.10091569863607,4.549810735148588
48.90164056081244,96.5134786559214,5.000527958856598
51.78556285755873,96.50742295681572,5.601206748929115
57.38947022370758,96.78364948782617,3.556145183866458
47.40864890863176,120.76747983560841,2.703819046862762
45.95753198553406,103.81935452231554,4.449463150508416
47.491214782077314,104.3004164719107,3.779287574085841
54.57701058851037,110.30283454031843,4.491859802352689
51.64375554829842,102.38789159026514,4.852219681182529
47.351198981164806,97.40957854179297,4.546751590976987
52.56633716556678,98.03650150915021,6.452467534470745
50.4853877467402,99.28398740585936,5.32674476460232
54.84322495266444,99.62777763490159,5.300474359610829
46.48973453061324,107.2762954363698,5.622207144043402
48.36168926701116,100.519458858073,3.861166882219231
48.03945923433921,107.3264007721558,6.039111787420269
42.68242525933941,99.19283419891417,4.92423571346454
51.48060138532288,100.7863519031609,5.670480617241212
51.30527636089945,80.01799315467892,3.9281427669598443
50.025567283212304,109.16327674702481,3.446241233983936
48.82706433312426,103.46488475897992,5.817889658025028
42.923146289747926,109.98010109859652,5.376409526097516
47.89677338617321,230.44904243540304,4.09794844564249
48.286427417366156,120.88374704780728,4.130336918725305
45.9886136538919,98.60410371844826,6.12543478441477
49.19357144166995,111.08182816737516,3.810588107132672
52.02025428407269,89.60094072874469,6.642672953255963
59.43092950605265,106.12773905062569,4.099379265352131
50.872889064159196,89.46584436826343,5.638391925608383
51.28775195361382,93.76231039304194,4.671381524251015
49.62777042116917,119.14031353866787,5.603187431082343
40.40614392350479,98.09317599236654,4.455885997885807
49.867430622753915,102.17432873179723,4.837207093927706
50.30115104970513,108.70067730688754,5.040919175395721
62.316210562426434,104.95681887972604,3.9978125442185273
49.03819517609439,101.50418905143576,5.740824345420126
51.50773671166806,103.64961002466225,4.486786433528414
49.82644115147378,124.03415585238275,4.771400084659981
44.15660981190234,99.42381202966415,4.005650625391488
55.7141140725751,102.01099046714967,2.4376663412046895
53.75966516343387,110.50654396007612,4.808972237399831
53.95515973521523,111.05525932957984,7.412615421612916
45.4530627260263,111.8703030556038,5.7846042878980235
57.013971554680495,106.38730222029184,4.980739620265606
42.990744686038596,88.56995087269516,4.737109170791732
52.93428546900135,116.33431532301096,5.022465892812046
60.952278129049894,88.53654606981311,5.54711911517521
45.04731837434656,103.02635465239034,3.819187184691155
47.16851135198614,92.45724149980641,6.114321694668872
50.498256825438204,99.35861653407008,5.715381315441244
47.482621729419,103.2876241030348,5.718185725707935
42.24668284466934,103.21357215450273,5.438475738809728
50.34281487403014,104.21920754235285,5.01961665769399
44.688481431369475,218.06575413113032,5.67286123596682
52.36796215317591,104.5353430151398,5.591814133741378
45.402878828830985,97.55843364709351,4.645959289058976
57.7496720250877,109.64087168288357,4.426398227103099
46.08373353831882,111.89470488924641,5.101856295261987
48.38969241897162,87.72392184863007,6.549020151495188
54.06758608684835,105.97400069849859,3.7608929243460993
43.84567841783022,107.01172742310898,3.53247473424756
51.13729967302065,97.02436496640009,5.164760841236517
56.53571377141214,113.75706813311619,5.050887701856018
41.96258382719386,98.49944412967473,5.173341664370408
50.92316929266152,101.25576453471542,5.243953197908501
51.29941397124212,98.26928175716131,4.776797745365195
53.909114358886555,100.15579047581467,6.489863438602082
43.81524644560959,256.5415939752538,3.3990960215234844
43.39771693457862,85.59949117405705,4.171502975219754
52.60970782808449,115.94505063224972,4.896745239850953
51.48492336616593,91.53038651681672,3.3568111888458327
51.252464251729386,90.08607650543692,4.824145595567929
51.73224104748488,78.46609886396286,6.661470165728018
46.59987639210755,93.61038252310497,5.020886488295962
51.16126848580502,86.76910206592501,5.230700905718684
51.46536236649341,116.4201516013637,3.73983523482742
46.42824290986816,110.09817089342634,4.383638591960523
59.328872555723784,93.11849654822277,4.624803619676063
52.36916460455894,122.52435805344308,4.682284903243766
44.04348251398676,109.81765486991594,6.2816437950037685
53.28276804316915,96.75168616491378,5.557691060725125
45.126591648863396,75.00594285126427,3.888542043062968
53.93542301871226,122.90942572590743,5.246504778432005
55.79297789503702,86.10427533236404,5.4982217484967855
45.89658840824145,83.54601253043108,6.140149038521266
54.816880646221605,110.2257043200964,6.580540686568374
52.063904634682494,124.39752406339272,3.9849058081721314
54.11030079997245,113.84272818510519,4.1891424887896616
59.48396491326974,105.6390912005236,3.7424221410853837
48.77305941998565,105.94754341665286,4.765980140893019
46.23131917821255,108.53415558780307,5.466358374446335
45.55242785187238,107.58928589786765,5.987334516589102
45.92094857517281,102.81191423969376,4.9240489763574775
49.61449145292948,101.04201103951875,4.680152476745156
51.70575987408322,99.37406872100478,5.15175799224874
51.3834539966501,92.46035411133323,4.164857098369977
54.13591624518012,97.19324923133226,7.089538721694773
50.065009459389536,83.07043185804615,3.3923389728819413
57.26767038578659,99.0166037320525,5.184740578895725
48.67671583381022,90.11408892849083,7.02360621922964
63.600845832948096,88.96410682784229,5.006799844559998
53.128336738825034,101.79894151153478,4.809960964998505
45.714212217918586,113.920022863446,4.642554577189573
44.645537509694435,109.18316606002313,4.819608318237592
52.41236207621593,84.29499396376823,6.37284847467653
48.88268607337075,90.10371863429663,2.788138088670493
53.57000247046046,109.40771187988216,6.5334337012963255
52.366188122867726,90.1751260646169,3.576042847549855
49.63585543671564,97.75366850002976,4.7333476707655855
45.76603140965798,105.50052099024552,4.570755579701338
42.42576387657068,90.31655545136366,5.58855326977072
47.767425239664895,101.0537550614596,3.4018756481162526
54.28199397161736,86.65974505081796,5.462172666081943
51.07046872065102,93.98632356048786,7.024309623286852
43.77130610644006,213.03531300432655,3.6368259954071895
50.86590462925591,84.0700626646833,5.189706167610396
51.92658689864418,244.58255498270162,4.3380178222033905
45.580712818994336,99.80362201073319,5.425887206193035
50.768625529727636,105.52489954417148,5.0191477774157525
50.29104359223,102.23914134064661,4.35851309095569
44.28514851084688,113.64140429973844,5.487872284871074
51.788936801741414,101.25224502647907,6.804348109786743
52.803922631841175,95.70594458874747,4.809096208272702
55.41525621587638,101.22297503032284,5.719757942148182
55.26901026017451,105.43298029036387,3.7067270421288363
43.111653160214544,100.48860070325705,4.043563623181991
45.310874800424386,100.40591691203882,5.472406277880378
52.5751763360433,92.98008312193245,6.484116028535965
52.56892975456105,93.37099082449052,5.35561334878566
52.57523843153024,85.97394728200307,4.6869419694768455
69.26365745327361,117.4957674318694,4.999291405423354
52.85445255346583,87.56136764608715,3.7495922660302825
55.677828200902994,93.07094802204092,5.604515326355367
54.770008817466014,92.81592734430802,5.88233306232341
53.25695625652899,108.94924376944441,4.54790966716692
48.423653776798275,97.05050321707972,4.529957852240498
53.79484610246634,112.47742072673734,5.265878229652048
46.13587392731214,93.26509375756132,4.563280263959404
48.815906966299956,102.78994162223802,4.933867385374177
47.57318226085448,91.64652946740243,7.099721789166516
50.40937069693161,121.45149127773388,4.752974299254003
61.573292833367546,88.12401580970487,4.641659847978778
40.66367403704126,103.09820710227028,4.352458194364841
53.431300951872565,106.33776880932099,5.744191971499937
41.93642064405174,104.13799097451498,4.818775826781897
47.64034067105283,98.14712341122292,4.350626961678574
55.44475298483683,98.70179300266574,6.321304032273012
50.321400095477316,236.3403931999427,6.419603004513637
44.61127611035347,98.52997998371511,4.399576434261295
46.42348145370016,109.6387911679491,3.1334600486393835
53.39798874467338,122.10523001591352,6.007513689836922
46.34816684141432,94.42508214992166,4.315370174239996
51.08229294790988,86.30197020420923,5.790625599162769
50.22785919951907,99.11717951648745,3.0298961822881645
46.74199826197091,125.79709337654319,5.892597338299309
60.719720446626624,91.9632543203027,3.7888280707192186
53.169595111590056,116.39116805444067,5.730764119066524
39.874287066711965,116.77700814076441,5.0142730678364344
50.93227157384714,94.46411758292005,4.046060580603355
46.69106767615806,105.68983079185276,4.59296368707322
54.26216667398112,116.28396623128538,5.686318456956701
46.037396307836495,96.20872259012513,5.105894453115234
49.42631779266551,286.953367181498,5.584412980472484
52.524936394902284,213.3695654399436,6.976440584515485
54.32877597085061,89.85243269307134,3.4357583882889484
43.99851796472112,292.9403483849154,6.617212574968624
48.327493820795254,87.76059733237743,5.104355937523213
47.625273444195216,100.34083468259226,4.101215951676872
46.73335383713144,92.30026768941359,3.66968637426101
58.82727120140548,102.33785911790747,4.810879609222966
52.024908554804774,84.44104353796372,5.92165011192446
43.69558022832477,103.30880232214457,4.872450879622466
54.58930973527388,291.322968627927,6.511154930247347
60.610780985063165,80.06264357428545,3.548824309948441
55.16232630275574,103.74056569847572,4.987911052153946
42.403150170229935,282.95658314283685,3.7476065555868807
47.57882963566874,87.90358981308795,5.363631882624968
56.334555745933116,208.67065675956403,5.8868873900973
46.461652671906094,104.19019009366045,4.579238206318947
52.219097140731144,92.94988144241591,2.3957861433728658
53.87317026714668,99.44230922342294,5.198948146796495
45.36534764210958,105.58326912521723,5.43673855173351
49.702373219691,100.76005391412411,5.404294754961698
33.79366329965464,105.38755992446369,6.235782191822154
44.87806179332855,90.79326406920634,3.928946320350951
48.7371592430342,101.69360824036077,5.68021610545045
43.76108409017575,85.8628550309502,6.192507512477975
58.16205651965818,98.88773938651299,3.221412415993483
42.84929311019684,90.9609235853521,5.319651825918977
47.79977756651508,92.64470057410233,4.495820168992329
50.65370288643046,112.36093175210438,4.918477326898354
57.20636644533058,110.9131012059427,5.347676483538336
42.8206892441028,106.09138120907177,4.512771435886448
55.815818760774796,89.07687235327421,4.324291920838388
50.05116530509793,96.83591550305198,5.034152417488024
45.09245674476024,112.13097699979184,3.912754061137197
52.31051737131635,101.41716913639905,3.9141748711148145
50.99529847786735,123.19329539981695,5.679373282956504
46.99891561420603,103.93317839394372,3.851205964841344
50.349010424950094,101.92049116490031,5.666312500909212
48.073432015691196,96.908835357975,5.4625912928539515
50.56758672625624,101.33540904782282,3.2741932712094033
53.31065337260523,98.47530163619456,4.322435347664345
57.93008408072676,107.0810867668859,6.1941094030473725
43.810922505865754,109.56702316794585,4.018834468860319
60.665166873281336,92.14010539492051,4.535595737690612
40.23956100238749,86.68767046442221,5.462060893251897
49.24107452482208,81.63794626896703,5.7833905092825955
52.94158603242288,105.07991326912544,4.748461113955504
51.40495933867516,88.96633393826127,4.402489805308359
46.88650240089703,78.47109407047517,6.422369861698508
48.95938874821363,103.88578604530964,6.738899663797579
47.53499532670584,124.9299951743279,5.978858050781795
47.053176215278945,99.93929088460106,5.085318142565024
54.24801048510513,108.38490774451643,4.191734278359074
51.785077429825236,100.81829358547564,4.169555593443435
46.53545202369673,99.01110346808858,5.522514105265757
54.49799937716625,109.19076482987768,5.418398220888684
51.536497604383044,97.09725455811349,6.40159859294643
54.0643105941948,102.67392314071903,5.650450092536139
53.14814420961806,280.1840168452806,3.4969196982401822
45.85502494538964,93.31909546356951,6.051947617722918
47.19909479901515,109.92042349536523,4.001939372685587
53.73646802561631,98.25040243304592,4.616028728047649
53.05185132716733,92.44254840507155,5.250200206251694
49.89549203017926,105.36509843570404,6.995667489783965
50.58663691654391,91.01532018208962,8.109918556005361
56.388324478942124,100.28181157369129,5.606723059136183
47.04214305582085,99.90881003355797,4.8168033812796125
52.73548690585019,110.85895565831578,5.53450564848055
48.98903673783053,104.74698232879953,5.887655425873836
48.911593983863895,99.74973041254856,4.679332374442808
55.49388425993595,108.17766299200287,6.795211355912322
54.12708174494015,113.90207549017313,5.230070759191402
54.06754818000319,105.57810306351863,5.4977430890913945
56.52739403577164,220.90973645896142,5.665924252054461
50.105019208163796,86.8816376764984,5.4215866106144555
53.40976485647482,89.34886336924627,5.838940500469612
48.44866621703272,96.94775295645333,4.3827468134530765
51.62083176244221,93.90487797840717,4.44169824605397
49.34928472816158,98.13028697014553,3.899845767028305
50.48497982496359,100.56649924897107,5.439501230620227
52.975785127184565,105.2969275435673,5.778936503512114
45.908896583832636,99.29501221940909,5.457772866151886
60.4619363784273,104.86501643826202,6.674492433347537
44.96991309250149,100.6447441481012,4.9944039811709535
43.92905693606134,80.24533433646128,5.6687416555925125
55.79055436750034,90.60664606181246,3.9082991238606857
53.95831346981468,98.55912444278384,4.612900297525599
53.12059908526078,87.90305257158893,5.695537757565777
53.1417275463214,105.99928729996205,5.849102110743144
49.93876613576543,115.30750832343698,4.706033052335818
45.51372814257084,293.5394489667799,4.928400748141933
50.379022790968634,97.86557129069791,3.4821262533191906
46.61419144243944,114.90726136849952,4.642970799193391
54.87559866708875,101.48667457202112,5.890383163519786
49.26471309248931,96.62914028881961,5.575205016106566
45.87251401603744,93.8659733645906,5.50066572138121
48.393070791735035,96.97530313511872,5.04977368718096
52.064657271378124,96.11823181458772,5.007063158628177
47.18137723598013,101.70416222375488,4.339678860526553
45.888898022167844,101.60573981049865,5.698828420202535
51.21843605745956,100.03046020153414,5.42097294438939
51.22483285554361,104.3693816974635,5.492018847992799
47.46528412314435,111.90646274786342,4.47396515733242
47.644808471908384,109.49554135441323,2.8466570801287556
51.160249686788184,85.15102031550097,6.097152711753695
42.75957829251338,74.46078865098045,4.521162543991596
42.962681128117225,109.34319911239274,4.13722423595688
46.40777889373782,86.33121301584579,5.693478911913994
48.932764241440765,97.75234598107316,4.6079873600808705
51.554537827990025,88.2988697394064,6.059936384046622
57.37678108474776,81.98019562419981,5.617005949576697
54.2882981160101,105.41462728204787,5.683569323200477
49.20030735018287,203.44313085733145,3.6340442887994655
49.904918960486555,94.2348959927328,6.211943985386401
44.987353176810956,74.0895770785509,5.261250531233856
49.90743432003805,94.53755551747517,4.630722860753797
48.55670680539931,103.91804005402547,5.143388467342251
51.613592801690444,85.21088431225871,3.22376476710168
45.86384528223839,227.55667763091785,5.408652811480671
52.59673257120586,99.84690150827005,3.970628491817928
57.66369456501289,105.79291499601088,3.6473297141564656
49.45619925771571,101.19580368414154,3.477640813782109
52.00855861049471,90.26931059118445,6.112688374989926
53.45071995855556,111.96571501664491,4.3707366063072115
47.99389764057082,98.4147042697303,6.5337277099165
51.12046240905208,99.72695460490068,4.464198536947702
50.06296200390897,90.66732040926804,3.2926420424070533
50.488380492744156,95.5671774880849,3.883475560051341
46.134951080722665,91.15197285973099,6.235811620006938
50.12255087129471,98.27053940076577,4.844101822063332
52.48999145622725,117.11708480142343,4.451712703509399
57.25571803897521,86.28098857068643,5.160018225852788
54.79635413042603,83.86438602123259,5.501782736167545
60.76591228755778,114.71170327493608,6.117398815902461
46.16326218555975,97.90676322848134,6.448499229892926
54.36160318360339,93.30927261340084,4.640231354210914
50.91671002869176,110.39904687396077,3.6739523139179617
60.94901466608836,93.94384460263136,4.586534838876724
45.95850857322424,118.26009713546937,5.260280506582886
45.80139078909612,106.7792587133927,4.036241073789389
47.003036772779886,95.12088591854297,4.042849085104957
39.380521378450965,121.57308213265503,5.343787881549885
47.37122489159619,93.94285076996661,4.951347648429548
46.20433669223151,264.2777413479928,5.032796995411586
50.75196893238104,102.99292580406492,4.241504665299931
51.7087798788858,113.01741289398798,4.769599285794233
59.38085419607943,115.61511196726853,4.075766855731696
54.75211919093025,100.32004149065767,5.8901984111247865
47.115481721687985,92.46582129653817,6.035249334723753
45.50792664325821,104.59972142939117,3.153812137761906
52.45959585753253,93.22284630247894,4.07048913980759
43.39883396489679,120.13387247526623,3.503470744909921
59.157293829271765,101.36535331082737,4.3499760655931015
55.897200603606436,220.35348738868964,4.916562030209639
47.65412173947647,101.84680305864909,3.55035478030147
41.434327354545616,86.52873710470304,4.078140186874687
56.76936187082706,90.28385961489349,3.9960426279185013
49.42730077373691,112.00413907944426,5.2072673293989435
56.18908155986731,93.43105721028604,5.0693443370362505
42.02786170602816,89.53089017318061,4.278262446662747
47.00312488523114,105.36652752527286,5.176820872139398
50.026218498590914,111.85704154662997,4.4533199154127345
50.23490296882371,107.18953310665067,4.728344889673947
47.749672642603784,109.96047685805816,6.673452090298537
53.114249661737496,238.7223141210207,6.3404610517903475
44.66189785308703,85.78189333258156,3.7004187630724026
49.288102574893536,115.01333651955487,5.829732417879175
50.601478158559495,96.77320161157864,5.811396554491592
52.57219417029374,97.49166983544953,3.8517367112473817
53.558074390444446,113.28194141849058,5.818777643754861
44.376789540810655,105.5623000940066,6.537931918412553
42.329429146321885,104.55887772081607,3.877455193755586
56.38838410949255,121.65002344901083,4.0824971789857365
51.66157005989796,93.56481769619857,6.017661466843503
46.25756731721723,109.27840128081237,5.271495310825648
57.75575987761262,100.57013124897084,5.551476275239523
50.57837317146429,102.68592278863257,5.340589216400497
55.89648592031913,115.28468426412532,5.390695920928144
50.33759240705054,204.0333852138452,3.673527871688917
60.303739624409936,105.38296079049633,6.047317706621448
58.77670421221602,110.72507337309803,6.169589992427774
48.75517925760463,96.35047270457115,4.770609255931972
54.85785475477178,242.55056592718427,4.956523050186138
53.226879747925736,89.55190805978967,3.468892497444278
56.843157787661745,80.33643410623998,5.514254756017835
45.17538269709948,120.56207129940321,5.572057441714144
53.4302572999922,88.96791634278317,4.937808983000689
55.292122434247936,97.78746376414227,6.1243533598705024
41.20630256788443,97.2318670011108,4.665922769020059
44.083707436671126,103.07406697809101,5.5646059258936
39.803839111199494,108.15737212539297,3.980335661307884
48.65296582777721,108.60473488359746,4.976447849125762
53.58771127897981,94.16922561431062,4.825645742097164
57.51178526048014,98.32878286213588,5.225307922040941
50.37047390209887,102.825799504883,4.630473071166642
58.14307772785646,97.51308873816453,4.868527404328332
43.099492708925546,116.07345576019992,5.826047171441506
41.48308780322422,104.90974951638252,4.563235762761782
49.722261505516904,107.34877786049817,3.3934228992613207
51.92032724469654,106.62881268667412,6.749583904205421
49.836526259529535,111.73473857485325,6.381454078690487
39.66278949980062,101.81021558703706,3.7077373048943816
49.55439980243606,87.03168052044154,5.689707805245194
43.47765249747573,103.99687951752642,4.497025229448657
53.348362744150194,93.4864310620817,5.263487215331059
51.83299123048424,94.71383318250243,5.294224129013494
45.30060106836322,105.86364018755093,4.765592199683678
47.43066541331653,112.38283071433636,4.2162343344136035
44.703932390555245,100.21271576736062,4.309458947683741
49.686604513634144,103.08833012598964,4.083808084518758
54.77571160250619,117.02214944635239,4.168177791769555
45.071369768322285,102.40753179488568,4.932821709950645
52.52023257758922,126.01683114180395,4.284240010889248
47.348711908137794,105.65509645631545,5.68205206571262
46.03563583868828,82.39237240844182,6.487246155335927
49.46484820022721,107.53341621104532,4.419946758629957
44.82378838790313,232.61702541282534,5.239404500535377
47.23175347326409,112.89752754082745,5.499685110302934
44.010610537055754,220.48024090562095,5.472002270919274
59.82362566458195,98.61544016016227,5.075955267916087
50.17631775985864,87.75701763710634,5.742682418359722
46.501372460037075,97.90976742713974,5.482248952680657
51.06989955367111,91.494795457907,3.762337577672702
49.43835975154585,94.19476550195277,5.869156064389273
48.89515200233389,105.88578404420609,5.887290837266742
53.07083350021713,116.69904504351406,4.236713895821419
53.787538550236526,233.21725220617327,5.037937835447602
47.34749426194736,88.04116937964815,5.683328992811069
47.1209087967766,104.4460266822014,4.790686180420638
48.62474151424178,111.96631486645651,6.072978047766012
38.49039417632208,93.90217095680617,7.363872494619361
42.42404468900724,98.65982833327082,4.214013967365018
56.83437133722262,100.14688194729197,3.618955396846225
58.22483856750642,92.1510168691776,5.303818595604875
48.75481980221811,106.4828043384386,5.721562505126143
52.88278481527883,98.79051851392218,4.769133626155231
51.55625077271768,104.19532443907028,6.453260663321034
65.3944040422762,91.125078221979,3.661394200276751
55.59787455717289,95.62541699676589,5.692918623031611
49.36041204259617,107.22381357827771,4.394139179241106
45.22229779699787,96.27166847908234,6.7193779062072965
41.96776839871214,117.26963851233405,6.992515353168118
51.017318179336115,96.00363814385398,4.2333434122166524
46.21824627357849,102.24684725751887,4.4504428640914195
42.888731452011626,109.3259083187309,5.859587886979802
46.76713557878737,85.81634267066968,4.612869350210485
44.592259981928024,82.39191188019224,4.954588782067762
58.43570817536282,84.74343685429905,5.02538842054241
54.408198784747256,112.62584103427182,3.080326843802344
49.960136793416915,94.48141854107553,4.986162253905762
57.39972069445013,125.58199285668252,4.310272225935826
50.386841538238095,94.35752401342612,4.506877177600228
45.693578993358685,101.84551303197037,6.443632003468814
57.61562038634828,115.42109952567876,3.7434931057207437
52.694550218423295,120.06092888159122,5.813205186747977
44.81376922836772,120.61503576636397,4.721037069668191
49.04830660958196,112.08366230593143,4.720239831504165
45.62190873307621,110.24062525811462,5.790371896051711
43.08600134517832,105.92526949201184,5.34005129456889
54.630887737658206,107.78361076166638,5.570612997219531
59.54708320235065,94.48814283671467,5.968184660532861
43.00716213090429,91.81801116577692,4.668691616816678
52.81484618345286,99.96625542589048,4.38776326549225
46.746787154390866,98.29815377475072,3.914849473442202
47.56437308117652,95.46771950672725,4.174589470021045
47.03803037880566,106.96387447456715,7.949094425308726
45.68004615160092,109.5530520857051,6.244679580736786
50.24260813972413,100.88406886291847,3.6489256337919787
45.845249417944814,114.77530081055262,3.67754204325643
51.35228412889919,88.58310885866496,5.481866061718492
49.748809452754315,98.06340540720282,5.5472647973779665
48.80525976566795,92.83177679397195,5.548883835317365
45.46218168979201,81.33463382926939,4.745044206446302
47.116143347158335,99.17319314157301,4.8745457399970995
53.77695612912878,98.78252491616716,5.327879524159357
52.504585938121906,115.13449743242131,5.085893006293331
45.11222377600724,106.30811684554777,2.780699627252465
50.49666152714613,89.75813175670795,4.770200369424806
53.75693561685895,118.54092566334188,4.148593565739686
41.652973594393146,112.21033695525352,5.175211418908512
52.71680096189967,105.82097703468615,7.98525900260341
46.686881205270765,97.73515901150168,5.367481665474305
52.852993342965796,90.4056076327652,4.686470313827602
46.18370421728741,96.27793223928947,5.921801501977252
40.9755894966774,275.1423317531303,5.482687887209213
41.862287810584185,118.84586305934609,5.4200944904518416
50.24042473330691,115.43243528272188,5.606850593215671
51.29861250860741,95.11150578213726,7.056543564829541
45.47841687447796,88.80382566710989,3.8691115646740846
53.19296229388687,101.40886246911204,5.473632076811454
41.6923996886552,82.31560634437149,4.0736188700184615
49.669601006763415,279.7998035219224,5.555512646342248
43.94491900118771,98.52397413701331,4.0813134885139055
46.7408194609892,95.33963498131757,4.582633186394916
50.23699335658207,84.05296932733205,4.704910085762093
45.69793317358024,105.13600106569717,5.975816719344709
48.077222278850876,94.6729916033809,5.918454443942414
55.0314640460722,88.30083164289712,3.7542826235536157
47.115540652384254,71.2773778671835,5.054934110999849
54.17846056032571,99.72485094949364,4.2904201452508275
44.35146572671191,117.72251596669744,3.7414950893246655
52.64902088957641,116.6125921454787,4.782982949575629
57.207843103289505,95.42903743413729,4.6915172115441806
37.641777499363556,93.97787939638219,7.426716486345523
46.015523722647615,104.68774256075024,5.4329598253606965
52.8853606359027,90.01614560811709,3.622382499245763
48.984773069785035,103.01791899819466,4.435225995829057
51.85572936685654,107.6608027838469,6.021383295429398
46.9800740664209,112.26933223884308,7.088442772869925
50.4329489373645,98.99845923520047,3.4140166877620417
49.221613823039604,97.96326249823034,3.120075614860955
55.838910308299035,91.2201741324344,6.870965175371782
51.272104216506065,91.73119645960139,5.389614177370904
51.68801331037601,97.73521108098473,4.131707268123634
47.94061516938766,103.67365506816178,5.534629086122435
47.56196887963753,109.13584626233249,2.3642522609831222
47.8372090609019,91.96821049319655,5.003375506597161
51.97226071189149,114.92688568959522,5.327821172843085
47.895077595898684,97.2887639895743,5.92427013953783
51.448874284482066,99.78632705651565,3.986104047707462
60.37700399322719,92.52788320852177,5.085687161403359
54.35562351715846,75.75759739727059,4.074575373940412
48.369882339160796,108.8404539636105,5.255383755674317
56.00606961081972,107.36843897092433,4.104653677636976
47.95962313489224,97.18672442881787,4.5918991608397794
39.80937732411073,100.66990717224871,4.004184605209771
44.95956844541298,105.159392177041,5.651136241823657
40.646040394870724,84.37454143113457,5.858451116656665
48.24243257979346,94.70947322653706,4.765379430042586
50.09209189594776,107.94264679621827,5.038237994960029
58.382186561376415,87.45710576830751,3.551408585366456
51.63463686882081,102.9355793216663,4.700323351993213
48.90449735595568,86.43418195376594,4.949795382958255
54.14702790591745,104.66429982433526,7.6207930910299755
38.944323454960575,99.64358517702516,3.8880329742258364
51.17807279054283,83.8486818409449,6.464177238752438
53.85432596943483,111.64739354457171,5.996858773465808
42.60706877110079,92.65408423201951,5.280636404490137
55.71877021603464,91.89747562985619,6.758620484195133
51.69248203747207,102.00569197230944,5.372105472606863
47.923560430495996,111.48637349428715,5.389159195667928
53.163909330531425,89.84178181021603,4.946879346982454
61.35346428902198,100.61679849847971,6.223568882418627
50.90933127529247,104.28816500330574,6.0964692338108835
51.24110293150168,106.93105607263143,4.374322712503788
47.70319550229878,101.76441555277225,3.680752805401233
45.75077815267604,96.32972160916678,4.797019362604343
54.15167908272123,91.7240977935128,4.199961435602353
45.719580870455665,100.86143883046375,4.936475425384645
50.35783118609696,89.27860988014393,6.237438134684139
47.61171276617441,70.78649516505394,4.54269834491321
52.39489912873196,104.36559804157667,4.957176618688425
51.668310526434745,109.03934841086195,5.058022734808395
55.1876997212895,76.37067564458161,5.848430882205284
47.44991800572627,89.90269295290062,2.753110666015395
48.65062532353314,106.19154261005198,4.393299705234703
45.106181421088465,120.574954697117,5.211283692279473
47.778533699619445,100.20793707675408,6.200078956426861
51.88650246522426,92.71997058770866,4.508097552493795
53.78494308322676,98.1710355889516,3.123447293958126
45.389173379111874,113.74876419148185,5.619711445966137
54.3480296005283,93.54035820875464,4.364637611174371
56.778189294024756,92.00807993349747,3.8103333409096387
52.067174516118506,95.17256477817968,4.375654610286776
59.38397906279033,90.46671391741287,4.81547464234415
46.13105400448214,101.22670315994796,4.395255335461787
43.776726483442914,116.2467845846956,2.794433942900931
41.10639875547861,103.23079273116029,5.897066196887132
57.480221557445915,97.47646497873713,6.274875041278722
53.27182828177029,97.08188731084456,5.651521991339505
49.72207664544772,84.36809191303342,3.8623143295751836
51.3998431315991,108.83109777147159,4.798508466052482
44.37255476350812,99.22162802987198,4.993478684770542
62.228759898084135,98.19520086409375,5.598794389561911
50.64610590987614,131.93107567844862,5.668340488718081
50.546973973024464,102.98752908365687,4.265826201221504
53.62883311949346,92.48208949904816,5.081995556413561
52.40504615868357,95.73642403794457,5.457280404615241
51.119420121395656,111.48445709196756,6.4558223221467665
46.04762772277344,101.13270410537764,5.704506539824723
52.35734178567998,85.61722021682633,5.789056687375519
59.41012248237517,109.19228934575203,5.083826627929361
56.72710023077489,93.31855914461006,6.410459145203504
57.965933133196984,118.73297776217545,5.409762795959497
47.443921617844076,110.80048065714648,4.138912089826429
45.0519758987071,95.52678104341248,6.4033699701251905
49.37106539950176,112.81016361735112,5.697903272539028
50.27862456144347,100.67855510527403,4.5569559788715175
55.47095759235474,267.6617233552506,4.520507032600757
41.5376768514259,104.84732817294474,5.296575545140762
57.64775159730307,91.53643345009127,5.463184795267585
49.20996050710505,93.56450167682539,5.197292265631207
47.8655946502629,110.29960817581161,5.311308673442885
44.93947812369916,96.65224667893459,6.69995737457638
41.72571664067115,95.96351536758003,6.071543152234886
54.11585291980957,90.44877420650647,5.190635591265024
50.36658983594202,104.23599065593461,5.9413105807674835
43.55019550129473,120.62524919243145,3.9674760964724607
43.52460613968192,89.32467085745728,5.397927049946809
48.32107650354936,100.24219456672758,6.80930634973311
58.34510762644696,114.12220555415429,4.781954104607626
48.702043243181976,99.20358608754285,4.152366071380915
42.48428523440947,104.52371796249734,4.3479111114069395
48.77128467957028,89.37606471853121,3.9103669626576116
48.63638215126165,104.28307097207649,4.215238091872297
36.515566785292144,281.6655243201624,4.629491901409971
49.72852566741094,109.85729995679863,3.5944329808213578
48.84532734895661,111.87386051564751,5.015618333949603
53.48103182406709,125.89563642018614,5.902277173786647
59.244780474726724,105.79633173213576,4.0922438198530795
55.632825147738785,103.25796316582166,6.519283923641769
48.65555654722585,101.94384301577335,5.5107920885275945
44.46737045629165,96.46833707189312,6.030580585624057
62.8667990162493,298.29468795547007,4.342165446147863
50.29609217007244,97.0459858986097,5.854525227066616
50.06964645956473,101.68460976269614,3.908066099604687
49.87937456444998,113.17597535607959,5.890247500836509
50.99042380383928,89.9345743472036,5.171839339793531
49.27819794038029,111.39878561129045,5.553251219984784
47.13168996559882,113.17115067339866,3.824405394375148
47.26570529379804,98.81931473008922,4.104930157723396
49.83623364892001,78.78145100991405,5.597228218253385
47.282876144331176,93.92178012905568,4.051651995775799
46.43577108661418,112.96994546561109,5.463206292099123
50.53215113845948,99.77131937701118,3.6328621935397543
48.72511391289572,90.0069776770509,5.8481742126666685
57.51996494291345,288.52388787075654,3.767476685231491
36.74515095803494,108.40620026504553,5.552299937679523
55.45753425961231,105.4673356820138,5.625630933646001
56.23042596248815,97.61067900830305,4.303228181570425
39.63304883795925,96.33175588185313,5.582026567084727
48.28656202959826,96.08241850956178,5.260442263333556
48.142795670021044,90.77589815501497,4.461158143807261
42.96244152641089,116.15375689469442,3.9914453159237917
46.110916562045624,96.7767953078866,3.037374308327421
44.44712077267086,112.17158520825497,5.3496500472996935
58.761352217118116,115.21316051922452,3.4351972286379446
54.678391965737305,294.13343927869016,5.095344199441308
56.35777547497079,95.68379687281951,4.736551783917751
53.60836032021618,104.03730090336609,5.679142775438195
44.354741143913856,99.75804393609084,4.697954500510136
47.37739866860113,90.96298139269872,4.6705522136529085
52.44687280613959,103.24359281721603,5.731870704288296
43.88936095554027,88.20960208840198,5.335058029084117
53.56499215086194,111.87679388461564,5.316155957182779
48.79837300920933,95.35382702701607,5.469267589808526
48.12589596225201,102.0115965587284,3.464427876792894
53.554799841017456,102.83287871546142,5.756788679986982
52.2213165574302,97.41095026295923,5.612468794013602
48.1951691709046,105.86693801475275,3.9833168714235025
55.79664901682124,95.25096343377476,4.7559195263257985
44.59468336200051,108.71297297457244,4.960692712372369
53.07967803472132,86.54020319753252,4.865503215598268
52.96550628984192,101.26379579546412,5.333859966568535
48.45226780343005,119.38928999058285,6.4313667818311835
51.63066511121059,89.99668675394426,6.081766727672829
43.74443211807348,93.22255029475149,3.6877808065685937
54.6201350960345,105.13907849658915,5.6220699903060485
49.075489317785056,101.79581781939598,6.32893331953541
47.3863848974048,103.50630099273559,5.386808520689202
55.245046129184445,104.89187130147664,6.0909804251859665
46.4782815472862,106.3472146856177,7.012270445700765
42.957693518182204,297.6617637315009,6.023709546106981
42.21685413238048,104.09818656928513,5.249308595641729
53.0300497567282,97.58742345381458,6.0450884740847535
43.597853237518585,106.72573701202731,5.144887833096891
58.77397090992182,118.99881934895215,5.023903043284956
39.59035296058139,98.67366253617426,4.648585764286268
58.48228184145019,90.25470695329358,6.563413358832108
51.055087336013095,111.07080669286972,4.181571334057999
49.51643444064804,98.79618836046401,6.5323677246781156
47.27540456595525,276.90611331597245,5.499864123740371
51.99568057176035,108.47421677150422,3.6006938251980585
49.811826487875756,94.64671814046078,5.3676492929914215
55.516509410082605,99.0946671769584,2.899973492348376
50.5711382433102,293.81811725247223,5.625508016831036
50.751508807309385,101.90499679779066,5.885231482988991
48.18193893893072,253.83631021010228,4.407644044347946
49.71527188139466,95.64513629430157,5.123547695955582
51.5390088444603,105.13105798176083,6.954157433750286
41.449158036716874,97.40453322416083,4.494253295738063
43.25907288947143,107.38810480887503,3.9410924129433997
53.71632047011357,106.15367484013053,6.4816634024625985
50.85432719063971,90.64561297955404,6.962587190530795
49.0800833182366,110.85982116175032,5.003695671847847
50.09216966532696,94.64036554885952,6.011463035408356
51.737908526808354,108.08057798281145,6.341475915530881
47.30120159845319,103.6728731340134,4.257515767461616
46.108476372988434,118.38183676795123,4.5146941646321315
50.97922627548841,97.76534017628148,6.230874513154735
45.10813611192484,96.50683203881802,6.685014278708509
52.04126377857236,99.80580394112268,5.562880860174355
41.4870819788108,96.96820217165724,4.120185646497946
55.14577818662822,107.9994190194205,6.987061111699441
52.362987412065216,83.83689391563412,4.469029102188036
51.28014867156938,89.46317580853646,4.6648622188285485
54.91345491972757,89.32197078420808,5.342337834489621
58.32737222231288,109.50307591973575,6.554160420714775
55.07185032509065,117.10613372581925,5.853975976552224
40.795628843341774,98.95550781462528,5.414865500361911
43.60211516632149,98.31178276809989,5.463288530118106
46.875907111521606,100.70052163113182,5.043514668643466
50.130455251054165,111.6187830260819,5.558139514518507
52.58829510234561,90.72646865809426,2.470439922305697
46.37128093423267,102.38368982734785,4.703392540930202
50.93383382238539,109.7519762978243,5.2413219349167814
46.22308533823339,105.01094169939846,3.848985916380493
46.94241098504026,101.89581616598744,5.38632331781156
42.96669451575889,110.01046092567141,4.795528779013878
45.38383376944548,72.96767707000762,6.7554756983154896
43.241576971918334,106.77875319530908,6.573019725214857
45.12063373511334,93.45924316872576,4.534194430881837
55.2682089830392,81.69367103143543,4.8491622884333045
45.25300555584028,246.85569945911345,4.9260524343916074
63.161910324186955,113.73658545162958,4.548340523840377
52.466589504404446,98.62551485372308,5.195024984028127
50.92418061847437,109.52874547202939,4.24171793111241
45.70821109909393,214.7958334109406,3.8693846650624737
53.501549397044954,113.14914453584048,5.622711223900269
47.12181086881113,116.39964529371393,5.629529584221811
50.610049073226804,107.42127491071892,4.195684240340007
62.800422691343975,100.75433638901593,5.895355430762599
49.519700501376754,83.98034188102832,4.368422270834668
55.74636663142838,97.53937511870052,5.253165238037981
46.48411787437056,91.56753404683808,5.820344012612456
49.82505754751519,121.70942717497815,4.966387435296287
58.85400317817755,98.24114187567663,5.454740912141134
46.86516471106116,101.23204806784486,4.483570356112429
59.062242789984644,105.51485376040468,4.803533416571903
53.538759677277376,100.43602446372454,4.7941405691196595
47.18766612052866,116.95051040430752,4.253421653459761
53.1620386952776,93.77350638265548,4.823225836884218
54.86277224813365,101.94607455237242,3.4513817011362535
53.10904981108598,92.57529414301952,4.508846252857896
42.14887640054772,86.79977488779295,4.715124506630329
46.364314120875655,93.88230909094715,4.74382024750462
48.762406822242475,99.62963202951588,4.758502554129221
49.62783285449977,276.53162995253865,4.938235800139871
53.10336048775339,93.07579020126144,5.479441518086064
50.88850500466627,85.93682536328166,5.874517074132522
43.323278206449494,99.16894427371305,4.350234773151733
51.90098925502981,84.95279625968998,3.7967991446108558
53.05292872641912,206.37945562535978,3.957955587756897
52.7989522396552,100.82439752934503,4.512797078805073
55.40390362777311,273.8546053396964,4.648078682183491
54.16961077274452,96.90790922950137,4.230003933802543
52.29590039614219,92.47843594409417,3.7038833357501053
49.649171442706766,103.19174510419181,4.543879172525812
41.69519533242004,113.40450446023145,5.181426620113971
52.14809109566293,81.24827530354256,5.595029465835565
51.03843843581556,101.15026079147417,4.442576946891679
51.35789418597687,98.3986720443336,4.587002177856566
43.61625712089845,106.71340076450466,4.07330169115269
44.59471729795869,102.1319662823769,4.968560829625224
55.26576426666452,92.48030668261181,4.151571365809185
49.802224230716725,96.80946064333382,5.5731278132412
53.40750348686312,92.03974143196511,3.214133508065889
50.14159188065231,110.76007138598598,4.640370327547537
50.14878069747873,100.21311648671943,5.301107339191742
54.69141902987999,119.01190685753008,5.183834516322504
47.41977635891313,99.39339186185379,7.693033663980497
50.48060388470492,92.91593233089537,5.349800024567908
47.68862355647479,84.86285607387173,3.9959454031579895
47.827518862838424,81.96860323744055,4.904535752910927
48.454139382656805,84.1586405699451,3.2237536665335482
51.110668858168566,102.67126651011483,4.919400250703239
47.60625689168261,105.08725023229934,4.166943942999241
56.278780627867604,84.18809297967867,5.915390275560162
45.52696348890248,108.95038314076115,4.450459725404465
49.06564177919321,95.1693894831656,4.883234084204753
47.801344708629124,101.4679301198555,4.364442158595597
57.23488942176866,116.12220628255425,6.738851351853331
50.98277388255787,108.96839315865532,4.678757233882088
55.159222697343175,97.31469352094167,6.832557043479202
42.57219813481514,91.08807774584713,5.814151762118266
51.33525132934629,78.48184598670696,5.482066727335386
54.44815397811718,92.8084668075758,5.36873314731752
50.41141994637712,97.88869761172306,5.393797298216252
55.32740187532676,90.12820472848816,3.07232742065439
47.41355774949814,98.68743032907695,4.721116605849243
57.0467372009279,100.76851882958768,5.845157971184322
61.49449061809625,97.75144018191921,4.951102816525895
48.18580719780171,93.4999741917654,3.594810153196425
47.77248739299614,101.68654671966728,4.94759554942253
57.2669223855885,104.41940649569409,6.704105516255491
57.89786072865356,89.09600922557154,6.246891715534719
47.38569986423366,114.10932379746271,4.9379959906339685
47.89906591452071,99.01411867715738,5.951449277058087
48.59107695569747,100.18849622944848,4.633492979631948
43.27774744482861,107.08214423256557,3.296128413173281
45.40674026757901,102.33216131263502,4.075534011870445
44.97929616623966,109.53136633913245,6.562888768508198
46.16101217447936,102.87124165201824,4.726006918170696
49.82657556306609,93.87562625359563,4.756616020624982
51.1710736626826,103.61503525206102,4.70016180372512
57.75250246407038,88.56273792679337,6.904136589573007
45.00822979630605,101.08559705776523,6.625958915362063
54.92161199238292,99.6677000935554,7.218780233448134
48.93005577887246,97.9188314272746,4.840954789599949
49.752681451737836,98.71462488561069,5.295624488747095
53.37409746083302,81.1815095450236,3.483357450579209
44.386389892188504,94.51275092259039,6.476934426118275
51.912048730920255,238.79727543978862,3.8322204487320652
50.83226104106528,101.598563919974,5.216775563762629
52.462256320040744,89.72324859074041,3.902697472367156
51.44584321953909,112.65707840864701,4.4111331732613035
62.276500699554475,91.33825151785499,4.1627375689503
46.81130007874342,109.69457200526736,4.392124739324182
47.34501522499091,104.27194361871685,4.460877296851021
46.88429736787618,93.53772690156197,4.451731205074923
47.22261440419873,117.75310892609512,5.833333911780307
46.81306436346741,88.0636316824352,3.8951372069374797
55.94508265553776,109.19154173610002,5.220541427013867
57.102521239949276,110.00582318042979,6.217959152305559
47.146268531252616,93.29379790923355,4.486803635486604
45.838222134478855,113.92465300064329,4.282081109252398
52.35707778193202,97.49953485401048,4.769475374819749
47.23888477859514,102.88693629279857,6.17972520836071
53.164659088777555,102.6032183877122,5.194107630953358
51.0146151042565,98.65691258529452,4.468785705392402
42.42127942501384,108.10808273159782,5.48387665118804
57.737526006650306,107.93488720552213,3.8977078501635765
58.97938836547761,82.51468026761819,5.681359510442948
46.93605654757807,113.04340242878152,5.408607307701768
48.06149220032008,83.37508011964326,4.692191528861116
51.429326953624525,110.32546204341658,4.161414201552769
51.67228394993513,111.26705136827583,4.113319077716543
53.29272136336415,89.09033569784802,5.5348173363459106
60.05102269383175,95.89185712045415,6.228980502489062
49.11526386252975,88.94295331514064,4.362692252971205
46.00851377730773,97.85078969711265,5.458386703551485
43.10340385992736,96.91965715814258,2.9129729813979313
46.34534980029041,107.7966053226934,4.415382269342801
49.83436513563102,113.10308746119608,4.968941067129098
58.97278931758894,113.95683810789956,4.090316583018167
47.41194350481914,94.37831973421697,4.063493625210404
51.11893975819449,97.90778126255472,4.332220443531114
49.917885519636236,83.1656180777905,5.292192728326373
55.94196636724042,91.94129933503811,4.812670981593626
62.63466212936811,109.64851633097457,2.761768766675028
47.3456561353984,116.15582823548232,2.879299847364934
47.552802787408886,87.65651128120078,4.393134822142825
55.22080438534536,94.07535740847106,5.457686586053552
53.409457448131555,99.73594243041073,2.2524951572747653
59.23353662868017,102.80161158819607,4.500269823848369
52.91964092662982,91.90396480078354,4.473752143482579
48.203539546064704,104.2406104446409,6.388337778208448
52.95327415346155,95.26160652929084,4.614978188287136
55.54351790291454,99.85547729121721,5.382988984740928
54.10241090598682,105.462842480037,5.141257140087463
52.53637015553649,100.06422269810938,2.8694335201927994
55.33337344794577,95.63614109473431,5.768207216631737
55.84647795222836,98.90390196074169,5.215396505456288
56.91079495518763,99.11637040794665,5.50826863967459
53.24354943794821,96.29988970117873,8.926237706436327
49.16440959841573,97.41203937332898,2.9158870605014116
50.733568432166614,115.98647170504717,6.724696649761109
56.03254483254179,105.6091944794124,4.712552480599644
45.91532164506382,97.0451968197084,5.287328904403009
51.84336654436451,106.96954404510736,4.954487754698758
48.0333059383632,96.6618051024399,4.575763666601956
50.143724114674086,243.45309633044954,4.430167071761241
56.39225931303649,103.69642192198094,5.329508735573009
50.95549534009952,98.92697855995772,3.482826303328321
50.23218274078074,104.47716925810278,5.7505791675217655
43.200719295100406,84.29123847931501,4.583805595114746
53.731267830136105,88.73232531090194,3.869930660959642
53.22742090570538,88.06074993600944,4.549987142004186
60.8162736165273,101.42943094763707,6.257149216862572
48.461108825234994,117.32514999485092,4.4646649129837765
51.0957516383197,122.31300146192632,5.35845361820962
51.246918418553776,106.38051101440757,4.2690437242845265
57.887266398817374,105.00844474944456,5.757921849923619
49.52352233806524,81.9894226584726,5.685507738790204
51.3951076288517,271.76761577934997,6.848608833296412
53.0394825485827,92.12216248091761,4.824436054500785
50.93304561578179,93.79152401748884,5.668654804757907
47.76783192724736,98.3185618141521,5.0980675395389445
50.970449964491536,95.27909422302872,6.295871781863014
55.36815874929886,80.20700189624212,4.28116761239127
44.867423502944696,107.47910256117534,5.745005312877281
50.66484837073438,89.27256974260193,4.805302703883318
46.499395925304135,102.39246864111149,4.935811822891503
55.97523314462421,120.74082669749973,5.091752484448373
42.384065476081126,90.80615408413577,5.252240396426678
47.20539076364206,74.69712477253671,4.883770956878042
51.8860593753226,97.13995778119889,5.2147131831705265
57.827620146171704,111.00959634998571,6.578118057562184
49.67124869463506,119.58347454220593,5.985449685615219
47.22400236653401,87.70450405547584,5.869154592496897
59.40578534720295,104.96699223236521,4.544460473976129
42.75993049791878,95.34689543219946,4.110759171771676
39.00597021689959,98.94051645695865,5.955300558237753
52.200072250266665,126.44343347017035,5.876046792529794
47.489728878236946,84.97029671604847,6.472670675750982
44.89383591434643,102.53739661494573,4.396019374030771
53.541782236496765,104.67693171765433,4.770451344639653
51.219003568855996,110.85786324939347,3.3605158374745656
47.17960684631636,100.97983153470895,4.6075288939391275
43.59847800664553,103.08050539504103,5.996570510579447
54.36228664140072,96.08351432578209,4.533504620771802
53.251005889793305,102.69126941245108,5.640479795200823
49.50412068110309,96.56807724502589,4.809496894002189
59.23318498023833,106.21571889856051,5.324057028221561
44.64957616836924,96.30389663956366,3.8523086101843327
42.372374145376305,103.77100393902187,5.085209449633901
46.540459650593775,99.70737186315021,2.0088640290992767
49.77206991822251,111.26050250772168,4.813103841838015
51.21669724661346,99.48606276411513,3.36952675628486
48.79381971071835,82.26967531793119,6.205994516546816
51.76027698257148,112.61921500713991,5.777407352764511
43.74230287904778,90.94267699137382,5.466670981966081
57.2188230203663,93.46233661351181,6.52100622715938
49.58924410803716,94.04338705956508,4.051083479175163
55.58647915794064,113.74438093170818,6.747363197915558
51.71362673188852,78.64325786021304,5.932191564260385
52.28376609576892,131.37748533659993,4.7634447127810535
52.84883640116102,110.56056809066052,6.135620147182944
52.23854280008658,102.23238914129159,3.893706487588366
53.21361379933772,99.45105999383713,4.175485838472326
56.64576265066216,102.85554074857657,4.3914102767603
50.98260584850735,105.21122428379338,4.471022291935984
53.54501878794256,106.45215585950056,3.9434423572397472
49.55132152856387,105.55604466003449,6.223083067095325
57.200586077247365,100.8958068125525,4.741145599630168
46.61803848970365,98.02661579692673,5.35250496835688
59.004702164554075,98.48726716346488,4.42964863358632
49.79921024677828,98.0509171964732,3.179396699451483
42.84612448940976,111.33770096867065,5.270057358391422
50.64052207455395,105.93556722280861,3.087745024580223
46.5947417126256,70.5961136533572,4.931365953914532
54.20321774494362,106.55900776529761,3.6316849611671893
46.73688010348805,101.94736194718774,6.987275999230808
47.7690828339261,99.81291243554102,5.911362722174721
40.552296345272346,96.11481546911114,5.10575379127148
47.73846840375462,111.24112719986013,6.263706677654668
37.88060336685522,109.47526462122858,4.153684022534264
42.08048588257138,92.27122332176391,5.543479378670093
53.80207328072149,298.465447759084,5.199810433718714
53.92900079325416,90.28343265458714,5.26402008133367
52.12728780892483,86.20381835211069,6.272353500106767
45.165119284353935,93.73282775410036,5.732492102779802
49.7614432192901,108.62393472382759,5.288723662825023
49.98198730454716,270.080841800174,3.345112563771704
44.20817655403729,105.13085420097293,4.039953704720537
57.51699150883575,107.25095786847997,4.8772910664042755
54.386811452878355,105.16178287114958,5.093372374276651
48.89517913085168,93.58518404777048,3.869796275326076
50.134429194972654,104.31922544673941,7.411676675578422
51.04191403973776,108.00409525227683,6.516394055253572
39.791325657878545,107.54291329813574,5.602118320392483
48.764113087397014,111.88913371474644,5.0720368612837445
46.59007876001101,107.08303847201064,4.787791030098848
44.99189995052542,103.51448207541583,4.0480815399777645
48.594498535570224,110.70150238316427,5.077480518518863
58.988432634247616,237.72017824576386,5.257752540142751
53.20421430633505,91.18125348772283,3.7582394245183757
47.144105051086015,98.36933036056236,5.3341764172448976
52.86291390678079,92.55097355193551,4.844740951175251
