timestamp,sensor_reading
2026-01-01 00:00:00,-0.06762412082424239
2026-01-01 01:00:00,-0.059407323046435714
2026-01-01 02:00:00,0.04111758046426422
2026-01-01 03:00:00,0.2914104732049402
2026-01-01 04:00:00,
2026-01-01 05:00:00,0.4593211042291012
2026-01-01 06:00:00,0.2117463384195895
2026-01-01 07:00:00,0.41822189302834023
2026-01-01 08:00:00,0.3752619748482219
2026-01-01 09:00:00,0.4033151385192842
2026-01-01 10:00:00,0.35272263133658066
2026-01-01 11:00:00,0.5133172092620104
2026-01-01 12:00:00,0.44930946895542656
2026-01-01 13:00:00,0.4375465400625479
2026-01-01 14:00:00,0.6567133223226692
2026-01-01 15:00:00,0.6186455731608902
2026-01-01 16:00:00,
2026-01-01 17:00:00,
2026-01-01 18:00:00,0.953629818783007
2026-01-01 19:00:00,0.7458799985533628
2026-01-01 20:00:00,
2026-01-01 21:00:00,0.6058786229777026
2026-01-01 22:00:00,0.8635260368202158
2026-01-01 23:00:00,0.9230834009729074
2026-01-02 00:00:00,0.9478784857904595
2026-01-02 01:00:00,0.9451415828198083
2026-01-02 02:00:00,0.9705647232304911
2026-01-02 03:00:00,0.7046941583940987
2026-01-02 04:00:00,1.0113091380359858
2026-01-02 05:00:00,1.0412308384090203
2026-01-02 06:00:00,1.131402614412163
2026-01-02 07:00:00,1.0366886309558534
2026-01-02 08:00:00,0.9864518483718013
2026-01-02 09:00:00,1.1072271808895007
2026-01-02 10:00:00,0.7557106973776219
2026-01-02 11:00:00,0.9321773413846105
2026-01-02 12:00:00,0.8968556791574972
2026-01-02 13:00:00,0.9573110226983051
2026-01-02 14:00:00,0.7258142303006831
2026-01-02 15:00:00,
2026-01-02 16:00:00,0.8834814883769954
2026-01-02 17:00:00,0.918294024946544
2026-01-02 18:00:00,0.8844553446902956
2026-01-02 19:00:00,0.961967846061841
2026-01-02 20:00:00,0.6210034324437946
2026-01-02 21:00:00,0.7878885357325952
2026-01-02 22:00:00,0.8587870944444838
2026-01-02 23:00:00,0.7000197123942198
2026-01-03 00:00:00,0.5785627772781154
2026-01-03 01:00:00,0.5754848190102249
2026-01-03 02:00:00,0.5571712081425868
2026-01-03 03:00:00,0.48345814466981274
2026-01-03 04:00:00,0.497988375849052
2026-01-03 05:00:00,0.6205150922644147
2026-01-03 06:00:00,0.3651984075141442
2026-01-03 07:00:00,0.3303477758753116
2026-01-03 08:00:00,0.378324032818346
2026-01-03 09:00:00,0.267262383741675
2026-01-03 10:00:00,0.10351121450409881
2026-01-03 11:00:00,0.18140405714133948
2026-01-03 12:00:00,0.1282572825367429
2026-01-03 13:00:00,0.1859917995771509
2026-01-03 14:00:00,-0.05873519199153831
2026-01-03 15:00:00,0.08667170621124687
2026-01-03 16:00:00,-0.07135466071872734
2026-01-03 17:00:00,-0.22222287897003346
2026-01-03 18:00:00,-0.2918846039595878
2026-01-03 19:00:00,-0.016742741846431874
2026-01-03 20:00:00,-0.2748216222325648
2026-01-03 21:00:00,
2026-01-03 22:00:00,-0.5248738868747445
2026-01-03 23:00:00,-0.13663745387192455
2026-01-04 00:00:00,-0.35642466205161055
2026-01-04 01:00:00,-0.5155189566909367
2026-01-04 02:00:00,-0.5635901967527
2026-01-04 03:00:00,-0.5011776496107666
2026-01-04 04:00:00,-0.5471439745489443
2026-01-04 05:00:00,
2026-01-04 06:00:00,-0.6895070051899698
2026-01-04 07:00:00,-0.669806558138047
2026-01-04 08:00:00,-0.9335839687590393
2026-01-04 09:00:00,-0.8281394918987702
2026-01-04 10:00:00,-0.985315736203706
2026-01-04 11:00:00,-0.7877321920448396
2026-01-04 12:00:00,-0.9412106173665681
2026-01-04 13:00:00,
2026-01-04 14:00:00,-0.9972612585195466
2026-01-04 15:00:00,-0.9216517461525614
2026-01-04 16:00:00,-0.9734692960709871
2026-01-04 17:00:00,-1.084234565476433
2026-01-04 18:00:00,-1.1489565879547543
2026-01-04 19:00:00,-0.9801767048912794
2026-01-04 20:00:00,-1.052273696235284
2026-01-04 21:00:00,-1.0241419076916933
2026-01-04 22:00:00,
2026-01-04 23:00:00,-0.956096136085377
2026-01-05 00:00:00,
2026-01-05 01:00:00,-0.9752179701406909
2026-01-05 02:00:00,-1.0135722278888064
2026-01-05 03:00:00,-0.9682484850647064
2026-01-05 04:00:00,-0.9914162361210367
2026-01-05 05:00:00,-1.1061175499292066
2026-01-05 06:00:00,
2026-01-05 07:00:00,-0.8132260940194588
2026-01-05 08:00:00,-0.6821705737540196
2026-01-05 09:00:00,-0.628181574396954
2026-01-05 10:00:00,
2026-01-05 11:00:00,-0.8338607179400618
2026-01-05 12:00:00,-0.5181684828271077
2026-01-05 13:00:00,-0.7404524644501211
2026-01-05 14:00:00,-0.677206977036566
2026-01-05 15:00:00,-0.8172145101482797
2026-01-05 16:00:00,-0.6118803629858808
2026-01-05 17:00:00,-0.3939528153099823
2026-01-05 18:00:00,-0.41725139814846557
2026-01-05 19:00:00,-0.5643123345125179
2026-01-05 20:00:00,-0.49908486036105676
2026-01-05 21:00:00,-0.5275319107593998
2026-01-05 22:00:00,-0.4535088900176908
2026-01-05 23:00:00,-0.5124418298090749
2026-01-06 00:00:00,-0.2821256722885778
2026-01-06 01:00:00,-0.07417036826842391
2026-01-06 02:00:00,-0.14061201184447047
2026-01-06 03:00:00,0.009936104752210823
2026-01-06 04:00:00,0.030421843491440725
2026-01-06 05:00:00,-0.08160660529164403
2026-01-06 06:00:00,-0.05283172696513001
2026-01-06 07:00:00,0.0009873179723969838
2026-01-06 08:00:00,-0.04879667899125503
2026-01-06 09:00:00,0.1756384563343603
2026-01-06 10:00:00,-0.06897687615857565
2026-01-06 11:00:00,0.32912057775390924
2026-01-06 12:00:00,0.3250004253997064
2026-01-06 13:00:00,0.41199366737899534
2026-01-06 14:00:00,
2026-01-06 15:00:00,0.4759470402933611
2026-01-06 16:00:00,0.663176853222701
2026-01-06 17:00:00,0.6049140669474034
2026-01-06 18:00:00,0.508347374953845
2026-01-06 19:00:00,0.6001667597607308
2026-01-06 20:00:00,0.43612392284865603
2026-01-06 21:00:00,0.6086905405000242
2026-01-06 22:00:00,0.6957160946639641
2026-01-06 23:00:00,0.8215114166916151
2026-01-07 00:00:00,0.7229956240282582
2026-01-07 01:00:00,0.7025543384399295
2026-01-07 02:00:00,0.6655049010328687
2026-01-07 03:00:00,0.8195542147133313
2026-01-07 04:00:00,1.0970170892618256
2026-01-07 05:00:00,0.949519680362032
2026-01-07 06:00:00,1.034533826848342
2026-01-07 07:00:00,0.866381713236345
2026-01-07 08:00:00,0.8124581544970819
2026-01-07 09:00:00,0.8586825210668143
2026-01-07 10:00:00,0.9796079193762733
2026-01-07 11:00:00,0.7959611694442552
2026-01-07 12:00:00,0.8982751366307433
2026-01-07 13:00:00,0.94135641885648
2026-01-07 14:00:00,0.866453800212436
2026-01-07 15:00:00,
2026-01-07 16:00:00,1.0171267407533406
2026-01-07 17:00:00,0.9838357211417004
2026-01-07 18:00:00,1.0457862561262063
2026-01-07 19:00:00,0.8430513383744127
2026-01-07 20:00:00,1.013907317997725
2026-01-07 21:00:00,1.0723175997221344
2026-01-07 22:00:00,0.9247781990139403
2026-01-07 23:00:00,0.8144822203518652
2026-01-08 00:00:00,0.8647104229424141
2026-01-08 01:00:00,0.7570208085173897
2026-01-08 02:00:00,0.7109076923129061
2026-01-08 03:00:00,0.830211689724685
2026-01-08 04:00:00,
2026-01-08 05:00:00,
2026-01-08 06:00:00,0.6121821278394494
2026-01-08 07:00:00,0.5837433811997507
2026-01-08 08:00:00,0.5210987292700219
2026-01-08 09:00:00,0.4241735088836344
2026-01-08 10:00:00,0.5747334823182911
2026-01-08 11:00:00,0.6677258589127169
2026-01-08 12:00:00,0.3656707675648153
2026-01-08 13:00:00,0.28957115098191427
2026-01-08 14:00:00,
2026-01-08 15:00:00,0.1945330960003816
2026-01-08 16:00:00,0.37888141923672525
2026-01-08 17:00:00,0.09291591358592907
2026-01-08 18:00:00,0.05668555160261495
2026-01-08 19:00:00,-0.05866347465754321
2026-01-08 20:00:00,0.04473282376432461
2026-01-08 21:00:00,-0.04139750280214345
2026-01-08 22:00:00,-0.1983480752633216
2026-01-08 23:00:00,-0.22365685348141184
2026-01-09 00:00:00,-0.030487715410776883
2026-01-09 01:00:00,-0.22945715873067357
2026-01-09 02:00:00,
2026-01-09 03:00:00,-0.3181865980957104
2026-01-09 04:00:00,-0.23612611537665507
2026-01-09 05:00:00,-0.5260061080169872
2026-01-09 06:00:00,-0.505964639506685
2026-01-09 07:00:00,-0.52689411984438
2026-01-09 08:00:00,-0.7245104122467996
2026-01-09 09:00:00,-0.685018752562921
2026-01-09 10:00:00,-0.5282627166602532
2026-01-09 11:00:00,-0.5948492842815322
2026-01-09 12:00:00,-0.61342419573798
2026-01-09 13:00:00,-0.800529156405204
2026-01-09 14:00:00,
2026-01-09 15:00:00,-0.9837513307491699
2026-01-09 16:00:00,-0.740428127597699
2026-01-09 17:00:00,-0.7505453630962643
2026-01-09 18:00:00,-0.7762531172601677
2026-01-09 19:00:00,-0.7464551321640263
2026-01-09 20:00:00,-0.8846012141647243
2026-01-09 21:00:00,-0.7887505192663384
2026-01-09 22:00:00,-0.9797474610269561
2026-01-09 23:00:00,-1.1492587799004768
2026-01-10 00:00:00,-0.8969072630427909
2026-01-10 01:00:00,
2026-01-10 02:00:00,-0.9793979916414352
2026-01-10 03:00:00,-0.9038686384043032
2026-01-10 04:00:00,
2026-01-10 05:00:00,-0.770032200388326
2026-01-10 06:00:00,-1.1899259418696082
2026-01-10 07:00:00,-0.994607857377782
2026-01-10 08:00:00,-0.9750947635028402
2026-01-10 09:00:00,
2026-01-10 10:00:00,
2026-01-10 11:00:00,-1.018355387501879
2026-01-10 12:00:00,-1.0247432093874158
2026-01-10 13:00:00,-0.9042228499175394
2026-01-10 14:00:00,-0.9301272146978656
2026-01-10 15:00:00,-0.8122687483723533
2026-01-10 16:00:00,
2026-01-10 17:00:00,-0.7280674499530365
2026-01-10 18:00:00,-0.7953596623648596
2026-01-10 19:00:00,-0.6921119162580731
2026-01-10 20:00:00,-0.5814543988030257
2026-01-10 21:00:00,
2026-01-10 22:00:00,-0.4228321097605958
2026-01-10 23:00:00,-0.47005769352108645
2026-01-11 00:00:00,-0.35455736043844643
2026-01-11 01:00:00,-0.7324365001310699
2026-01-11 02:00:00,-0.42912852240657584
2026-01-11 03:00:00,-0.4256843736229612
2026-01-11 04:00:00,-0.35929909399160687
2026-01-11 05:00:00,-0.3799385023253132
2026-01-11 06:00:00,-0.2117141103407829
2026-01-11 07:00:00,
2026-01-11 08:00:00,-0.11300702092318018
2026-01-11 09:00:00,-0.18089239377230787
2026-01-11 10:00:00,-0.10387067697914366
2026-01-11 11:00:00,
2026-01-11 12:00:00,0.054103292751833766
2026-01-11 13:00:00,
2026-01-11 14:00:00,0.048869962842456566
2026-01-11 15:00:00,0.18706154547934037
2026-01-11 16:00:00,
2026-01-11 17:00:00,
2026-01-11 18:00:00,0.38220711909660243
2026-01-11 19:00:00,0.49708171846130245
2026-01-11 20:00:00,0.3913155007150712
2026-01-11 21:00:00,0.41483718441412265
2026-01-11 22:00:00,0.5774978046456327
2026-01-11 23:00:00,0.5470492011818802
2026-01-12 00:00:00,0.714890194180136
2026-01-12 01:00:00,0.6788152914034081
2026-01-12 02:00:00,0.6170635166683209
2026-01-12 03:00:00,0.7490960810696721
2026-01-12 04:00:00,
2026-01-12 05:00:00,0.8762093348809572
2026-01-12 06:00:00,0.6720350291854134
2026-01-12 07:00:00,0.9621575430042033
2026-01-12 08:00:00,0.8981357780374113
2026-01-12 09:00:00,0.8735201370667967
2026-01-12 10:00:00,0.9880088244317787
2026-01-12 11:00:00,0.9822239720120856
2026-01-12 12:00:00,1.0812134705484484
2026-01-12 13:00:00,1.094990779732724
2026-01-12 14:00:00,1.0104114245310845
2026-01-12 15:00:00,0.8978607562431883
2026-01-12 16:00:00,0.93827535784105
2026-01-12 17:00:00,0.9901644858317784
2026-01-12 18:00:00,1.1079064647895696
2026-01-12 19:00:00,
2026-01-12 20:00:00,0.9597392748337789
2026-01-12 21:00:00,1.1767690649271827
2026-01-12 22:00:00,0.9739205425225557
2026-01-12 23:00:00,
2026-01-13 00:00:00,1.03947707583241
2026-01-13 01:00:00,0.941301178245759
2026-01-13 02:00:00,0.7906852906673828
2026-01-13 03:00:00,1.0141389336265236
2026-01-13 04:00:00,0.8134667115694795
2026-01-13 05:00:00,0.8684279120445839
2026-01-13 06:00:00,0.8309901009797109
2026-01-13 07:00:00,0.8324505225848502
2026-01-13 08:00:00,0.5599421598055471
2026-01-13 09:00:00,
2026-01-13 10:00:00,0.8249792436489298
2026-01-13 11:00:00,
2026-01-13 12:00:00,0.539679202639588
2026-01-13 13:00:00,0.6915773905242366
2026-01-13 14:00:00,0.4825824337287631
2026-01-13 15:00:00,0.4790807069501999
2026-01-13 16:00:00,
2026-01-13 17:00:00,0.4392593052382618
2026-01-13 18:00:00,0.4827728403972555
2026-01-13 19:00:00,0.36239360240216545
2026-01-13 20:00:00,
2026-01-13 21:00:00,0.3368592160989905
2026-01-13 22:00:00,0.11099589103600627
2026-01-13 23:00:00,0.134195210161863
2026-01-14 00:00:00,0.1917945729641338
2026-01-14 01:00:00,0.09521561224102154
2026-01-14 02:00:00,-0.05438276785721378
2026-01-14 03:00:00,-0.20906599225562875
2026-01-14 04:00:00,-0.07655775713141755
2026-01-14 05:00:00,-0.31511476533416327
2026-01-14 06:00:00,-0.22770722723709252
2026-01-14 07:00:00,-0.13725502785746857
2026-01-14 08:00:00,-0.24352776124144887
2026-01-14 09:00:00,-0.5528634129420507
2026-01-14 10:00:00,-0.37686943708360954
2026-01-14 11:00:00,-0.4742540848701371
2026-01-14 12:00:00,-0.6140235129221436
2026-01-14 13:00:00,-0.49624551082297474
2026-01-14 14:00:00,-0.6206905480117276
2026-01-14 15:00:00,-0.6604079347759988
2026-01-14 16:00:00,-0.6382554065792114
2026-01-14 17:00:00,-0.7504241912556574
2026-01-14 18:00:00,-0.7137153004870471
2026-01-14 19:00:00,-0.8162630526508858
2026-01-14 20:00:00,-0.8425226686002477
2026-01-14 21:00:00,-0.7191542762283922
2026-01-14 22:00:00,
2026-01-14 23:00:00,-1.0426353467363692
2026-01-15 00:00:00,-0.8204810300769652
2026-01-15 01:00:00,-0.7765056210623971
2026-01-15 02:00:00,-0.779508425485864
2026-01-15 03:00:00,-0.8997472108364349
2026-01-15 04:00:00,-1.0716803140334092
2026-01-15 05:00:00,-0.9146786058500918
2026-01-15 06:00:00,-1.0738895107875874
2026-01-15 07:00:00,-1.028076540403283
2026-01-15 08:00:00,-0.9597986498078022
2026-01-15 09:00:00,-1.0804098985932657
2026-01-15 10:00:00,-1.1138967737768077
2026-01-15 11:00:00,
2026-01-15 12:00:00,-0.803679975422504
2026-01-15 13:00:00,-0.8579240119574733
2026-01-15 14:00:00,
2026-01-15 15:00:00,-0.8606655138983729
2026-01-15 16:00:00,-0.8793629356298474
2026-01-15 17:00:00,-0.8803336234717338
2026-01-15 18:00:00,-0.8153331646655709
2026-01-15 19:00:00,-1.0196355132059947
2026-01-15 20:00:00,-0.8382439723920828
2026-01-15 21:00:00,
2026-01-15 22:00:00,-0.7947078361637698
2026-01-15 23:00:00,-0.8178868946369586
2026-01-16 00:00:00,-0.6869196073728866
2026-01-16 01:00:00,-0.7861291765263335
2026-01-16 02:00:00,-0.7213258525758452
2026-01-16 03:00:00,
2026-01-16 04:00:00,-0.503830467851354
2026-01-16 05:00:00,-0.5502729063562185
2026-01-16 06:00:00,-0.5526840005680363
2026-01-16 07:00:00,-0.5001751728086657
2026-01-16 08:00:00,-0.41751642221741503
2026-01-16 09:00:00,-0.20971263721943142
2026-01-16 10:00:00,-0.44867631466959873
2026-01-16 11:00:00,-0.20975341487865734
2026-01-16 12:00:00,-0.18170380981042966
2026-01-16 13:00:00,-0.2681989608285029
2026-01-16 14:00:00,
2026-01-16 15:00:00,-0.026771259266374393
2026-01-16 16:00:00,-0.08150559335876338
2026-01-16 17:00:00,-0.16662958583128618
2026-01-16 18:00:00,0.09222207403939685
2026-01-16 19:00:00,0.11465489664543227
2026-01-16 20:00:00,0.0655818686364196
2026-01-16 21:00:00,0.11339303813973058
2026-01-16 22:00:00,0.3531614205089648
2026-01-16 23:00:00,0.11862992731990518
2026-01-17 00:00:00,0.3927297702004703
2026-01-17 01:00:00,0.38875499976234096
2026-01-17 02:00:00,0.5023908085041859
2026-01-17 03:00:00,
2026-01-17 04:00:00,0.568844618965538
2026-01-17 05:00:00,0.506687312436476
2026-01-17 06:00:00,0.6160369623164308
2026-01-17 07:00:00,0.7083033203928903
2026-01-17 08:00:00,0.7112681538744907
2026-01-17 09:00:00,0.769254110624064
2026-01-17 10:00:00,0.6716424182419278
2026-01-17 11:00:00,0.7366636992238471
2026-01-17 12:00:00,0.7677008822662114
2026-01-17 13:00:00,0.8246233142615466
2026-01-17 14:00:00,1.013233497562466
2026-01-17 15:00:00,0.8648628830963123
2026-01-17 16:00:00,0.8065756213981973
2026-01-17 17:00:00,0.993440485927252
2026-01-17 18:00:00,1.0899322079535938
2026-01-17 19:00:00,0.8427461736062085
2026-01-17 20:00:00,1.177321414834207
2026-01-17 21:00:00,1.030276484197197
2026-01-17 22:00:00,
2026-01-17 23:00:00,1.1454583294596392
2026-01-18 00:00:00,1.0972617619470575
2026-01-18 01:00:00,0.9876907850705211
2026-01-18 02:00:00,1.1167571664228708
2026-01-18 03:00:00,1.0141984056913431
2026-01-18 04:00:00,1.0890616976959877
2026-01-18 05:00:00,1.088821142022788
2026-01-18 06:00:00,0.8461378742408946
2026-01-18 07:00:00,1.0186592333524667
2026-01-18 08:00:00,
2026-01-18 09:00:00,0.9140404620159623
2026-01-18 10:00:00,0.8900190587278529
2026-01-18 11:00:00,0.8608979822361668
2026-01-18 12:00:00,
2026-01-18 13:00:00,0.6590038084776155
2026-01-18 14:00:00,0.5921123041232985
2026-01-18 15:00:00,0.5378014068742104
2026-01-18 16:00:00,0.8029975097790509
2026-01-18 17:00:00,0.581948674158598
2026-01-18 18:00:00,0.6340692225146335
2026-01-18 19:00:00,0.5693821046433295
2026-01-18 20:00:00,
2026-01-18 21:00:00,0.5817476200618703
2026-01-18 22:00:00,0.4398074498921147
2026-01-18 23:00:00,0.38360067551386384
2026-01-19 00:00:00,
2026-01-19 01:00:00,0.3861471843193544
2026-01-19 02:00:00,0.17028138654953906
2026-01-19 03:00:00,0.3049132394616523
2026-01-19 04:00:00,0.31350412106730785
2026-01-19 05:00:00,-0.023618156091849335
2026-01-19 06:00:00,0.09700127154474877
2026-01-19 07:00:00,
2026-01-19 08:00:00,0.03905451555060539
2026-01-19 09:00:00,-0.20250112434259368
2026-01-19 10:00:00,0.03229440942979531
2026-01-19 11:00:00,-0.3408260195990067
2026-01-19 12:00:00,-0.2534508600103146
2026-01-19 13:00:00,-0.23400580151182798
2026-01-19 14:00:00,-0.3937869041651157
2026-01-19 15:00:00,-0.4563968434364626
2026-01-19 16:00:00,-0.39580478378810224
2026-01-19 17:00:00,
2026-01-19 18:00:00,
2026-01-19 19:00:00,-0.46334565028545294
2026-01-19 20:00:00,-0.6297824577260447
2026-01-19 21:00:00,-0.5980181249480587
2026-01-19 22:00:00,-0.718702103608009
2026-01-19 23:00:00,-0.7893661037376907
2026-01-20 00:00:00,-0.7675361083668663
2026-01-20 01:00:00,-0.8217128895734761
2026-01-20 02:00:00,-0.8475598239775797
2026-01-20 03:00:00,-0.71497947675687
2026-01-20 04:00:00,-0.8836728290439554
2026-01-20 05:00:00,-0.9491539107713814
2026-01-20 06:00:00,-0.9024450086161648
2026-01-20 07:00:00,-0.9149525426447698
2026-01-20 08:00:00,-1.061868321744619
2026-01-20 09:00:00,-0.988463507892332
2026-01-20 10:00:00,-1.0055331387521487
2026-01-20 11:00:00,-0.9994874400311913
2026-01-20 12:00:00,
2026-01-20 13:00:00,-0.9824217680984839
2026-01-20 14:00:00,-0.8764682548968109
2026-01-20 15:00:00,-1.0010984233486246
2026-01-20 16:00:00,-0.820489742548163
2026-01-20 17:00:00,-1.0398423325051658
2026-01-20 18:00:00,-1.0638985610471612
2026-01-20 19:00:00,-0.9229177653713576
2026-01-20 20:00:00,-0.8294970445473899
2026-01-20 21:00:00,-1.0896236793721792
2026-01-20 22:00:00,-0.9548968977640911
2026-01-20 23:00:00,-0.9773883228799624
2026-01-21 00:00:00,-0.8808424378664239
2026-01-21 01:00:00,
2026-01-21 02:00:00,-0.711557402601215
2026-01-21 03:00:00,
2026-01-21 04:00:00,-0.6511142797702818
2026-01-21 05:00:00,-0.7883514899763563
2026-01-21 06:00:00,-0.6305465377749581
2026-01-21 07:00:00,-0.6648704613075312
2026-01-21 08:00:00,-0.4775678369321241
2026-01-21 09:00:00,-0.7594481673133677
2026-01-21 10:00:00,-0.6877906468781712
2026-01-21 11:00:00,-0.34646976597839074
2026-01-21 12:00:00,-0.5598591679443161
2026-01-21 13:00:00,-0.5091951449884018
2026-01-21 14:00:00,-0.4843617981223931
2026-01-21 15:00:00,-0.2355257212571619
2026-01-21 16:00:00,-0.4284194584970358
2026-01-21 17:00:00,-0.25277299279387316
2026-01-21 18:00:00,-0.23288586429977265
2026-01-21 19:00:00,-0.05346103738030698
2026-01-21 20:00:00,
2026-01-21 21:00:00,
2026-01-21 22:00:00,-0.12473764730243499
2026-01-21 23:00:00,0.2698153167621387
2026-01-22 00:00:00,0.0683929800124185
2026-01-22 01:00:00,0.14292826585283447
2026-01-22 02:00:00,0.35687129129190526
2026-01-22 03:00:00,0.1815931680404288
2026-01-22 04:00:00,0.45526154123560125
2026-01-22 05:00:00,0.29491644881058476
2026-01-22 06:00:00,
2026-01-22 07:00:00,0.37123396675388365
2026-01-22 08:00:00,0.33756528055384283
2026-01-22 09:00:00,0.5581101101198067
2026-01-22 10:00:00,
2026-01-22 11:00:00,0.46803811108828036
2026-01-22 12:00:00,
2026-01-22 13:00:00,0.7966753295813336
2026-01-22 14:00:00,0.772603095615907
2026-01-22 15:00:00,0.7072767937559526
2026-01-22 16:00:00,
2026-01-22 17:00:00,1.0043448918036635
2026-01-22 18:00:00,0.6931852375684102
2026-01-22 19:00:00,0.8582181186786663
2026-01-22 20:00:00,0.7417636000400257
2026-01-22 21:00:00,1.0415854965659814
2026-01-22 22:00:00,0.9289830739711752
2026-01-22 23:00:00,0.9647758388497248
2026-01-23 00:00:00,1.238739013680503
2026-01-23 01:00:00,0.914984929490157
2026-01-23 02:00:00,1.1592320028019
2026-01-23 03:00:00,0.9528780837022104
2026-01-23 04:00:00,0.9736925664074425
2026-01-23 05:00:00,1.2634567939461054
2026-01-23 06:00:00,0.9836221054912405
2026-01-23 07:00:00,0.8598820664371365
2026-01-23 08:00:00,1.0206013787019603
2026-01-23 09:00:00,0.9677406360543818
2026-01-23 10:00:00,1.011861768203268
2026-01-23 11:00:00,0.9494880164973459
2026-01-23 12:00:00,1.1696864317434317
2026-01-23 13:00:00,0.9867151463513002
2026-01-23 14:00:00,0.8041229127551188
2026-01-23 15:00:00,0.9023687320740297
2026-01-23 16:00:00,0.786016969732358
2026-01-23 17:00:00,0.8151056346945894
2026-01-23 18:00:00,0.7206265555974849
2026-01-23 19:00:00,0.9921432700735218
2026-01-23 20:00:00,0.6800966643572901
2026-01-23 21:00:00,
2026-01-23 22:00:00,0.6469505910098148
2026-01-23 23:00:00,0.5258920702619316
2026-01-24 00:00:00,0.6223259607241466
2026-01-24 01:00:00,0.6019487522173145
2026-01-24 02:00:00,0.5756535411144963
2026-01-24 03:00:00,
2026-01-24 04:00:00,0.30833220107449366
2026-01-24 05:00:00,0.4819071394356564
2026-01-24 06:00:00,0.24715875544777657
2026-01-24 07:00:00,0.31233131966585687
2026-01-24 08:00:00,0.11802050607353914
2026-01-24 09:00:00,0.2681584958785752
2026-01-24 10:00:00,0.23881238486848616
2026-01-24 11:00:00,0.16919858858370124
2026-01-24 12:00:00,0.14934500234571813
2026-01-24 13:00:00,0.15244562874779496
2026-01-24 14:00:00,-0.1713756271020994
2026-01-24 15:00:00,-0.18272407269296093
2026-01-24 16:00:00,-0.06373108022525967
2026-01-24 17:00:00,-0.08970761583089534
2026-01-24 18:00:00,-0.31890031098072624
2026-01-24 19:00:00,-0.37396125199343594
2026-01-24 20:00:00,-0.4121503492046107
2026-01-24 21:00:00,-0.5539259730172855
2026-01-24 22:00:00,-0.5660597657120596
2026-01-24 23:00:00,
2026-01-25 00:00:00,
2026-01-25 01:00:00,-0.5413041245385507
2026-01-25 02:00:00,-0.5654907627884241
2026-01-25 03:00:00,-0.6986197155816077
2026-01-25 04:00:00,-0.7334653324771303
2026-01-25 05:00:00,-0.7082878631052509
2026-01-25 06:00:00,-0.9040379932072096
2026-01-25 07:00:00,-0.6903855344420379
2026-01-25 08:00:00,-0.6877147595392082
2026-01-25 09:00:00,-0.9066907571856854
2026-01-25 10:00:00,-0.9097415979701519
2026-01-25 11:00:00,-0.7691534020419177
2026-01-25 12:00:00,-0.927138707605719
2026-01-25 13:00:00,
2026-01-25 14:00:00,-0.9598406463482757
2026-01-25 15:00:00,-0.8093174007605005
2026-01-25 16:00:00,-0.9278615116375851
2026-01-25 17:00:00,-0.9315786775389661
2026-01-25 18:00:00,-0.9367180970980502
2026-01-25 19:00:00,
2026-01-25 20:00:00,-1.0462068651727656
2026-01-25 21:00:00,-0.922471726988338
2026-01-25 22:00:00,-0.9837653748130597
2026-01-25 23:00:00,-1.1086826401883214
2026-01-26 00:00:00,-0.7956442308286347
2026-01-26 01:00:00,-0.8747188255723682
2026-01-26 02:00:00,-0.9558990424767161
2026-01-26 03:00:00,-0.9717439776839472
2026-01-26 04:00:00,-0.9068932784361017
2026-01-26 05:00:00,-0.8550547806168212
2026-01-26 06:00:00,-1.0878817067721316
2026-01-26 07:00:00,
2026-01-26 08:00:00,-0.9125346972022474
2026-01-26 09:00:00,-0.8050544372844245
2026-01-26 10:00:00,-0.7706790242045484
2026-01-26 11:00:00,
2026-01-26 12:00:00,-0.7158468541730719
2026-01-26 13:00:00,-0.5119187888949936
2026-01-26 14:00:00,-0.5921518876920684
2026-01-26 15:00:00,-0.6894833375945287
2026-01-26 16:00:00,-0.5388084234620217
2026-01-26 17:00:00,-0.5217311866477576
2026-01-26 18:00:00,
2026-01-26 19:00:00,-0.3855887491800916
2026-01-26 20:00:00,-0.37325201378670225
2026-01-26 21:00:00,-0.27298104133816087
2026-01-26 22:00:00,-0.2616258252526977
2026-01-26 23:00:00,-0.29770562147732416
2026-01-27 00:00:00,-0.10681362967641485
2026-01-27 01:00:00,-0.19667861289876604
2026-01-27 02:00:00,-0.3944613941459915
2026-01-27 03:00:00,-0.021672989285818296
2026-01-27 04:00:00,-0.03990309841652469
2026-01-27 05:00:00,0.10372105291792341
2026-01-27 06:00:00,0.31523484045815103
2026-01-27 07:00:00,0.367672414105931
2026-01-27 08:00:00,0.1975239448751014
2026-01-27 09:00:00,0.17998646181238392
2026-01-27 10:00:00,0.36905027618651387
2026-01-27 11:00:00,0.3207255101501545
2026-01-27 12:00:00,0.4431958683718462
2026-01-27 13:00:00,0.3831904293015502
2026-01-27 14:00:00,0.518478830410085
2026-01-27 15:00:00,0.45510952012968975
2026-01-27 16:00:00,0.6962864510358829
2026-01-27 17:00:00,0.5589702701632882
2026-01-27 18:00:00,0.7226375311606551
2026-01-27 19:00:00,0.5669655251401423
2026-01-27 20:00:00,0.8067378995244839
2026-01-27 21:00:00,
2026-01-27 22:00:00,
2026-01-27 23:00:00,0.9251971258476408
2026-01-28 00:00:00,
2026-01-28 01:00:00,0.7726250405247667
2026-01-28 02:00:00,0.9482978038001109
2026-01-28 03:00:00,0.8353426633279429
2026-01-28 04:00:00,0.8975377680854357
2026-01-28 05:00:00,0.9806810064976035
2026-01-28 06:00:00,1.1039851409073167
2026-01-28 07:00:00,0.9819315348280084
2026-01-28 08:00:00,0.990468030392296
2026-01-28 09:00:00,1.0683647613976066
2026-01-28 10:00:00,
2026-01-28 11:00:00,1.0635460266413188
2026-01-28 12:00:00,1.1067812302977043
2026-01-28 13:00:00,0.9625872301850554
2026-01-28 14:00:00,
2026-01-28 15:00:00,0.8989709529907326
2026-01-28 16:00:00,1.0906380697203821
2026-01-28 17:00:00,0.9529708230522876
2026-01-28 18:00:00,0.9066165495359736
2026-01-28 19:00:00,1.039034809515387
2026-01-28 20:00:00,0.8917405249344594
2026-01-28 21:00:00,0.6698776752351258
2026-01-28 22:00:00,0.7036569988934601
2026-01-28 23:00:00,0.8689689175326627
2026-01-29 00:00:00,0.7912604622021364
2026-01-29 01:00:00,0.9122621927543217
2026-01-29 02:00:00,
2026-01-29 03:00:00,0.6678619871299177
2026-01-29 04:00:00,0.5737005520626216
2026-01-29 05:00:00,0.5717718909876952
2026-01-29 06:00:00,0.3947589920918817
2026-01-29 07:00:00,0.5040364970201944
2026-01-29 08:00:00,
2026-01-29 09:00:00,
2026-01-29 10:00:00,0.6258042939560658
2026-01-29 11:00:00,0.5480711895724883
2026-01-29 12:00:00,0.2425931065538991
2026-01-29 13:00:00,0.06545407365431244
2026-01-29 14:00:00,0.2114165677704216
2026-01-29 15:00:00,0.2099221427038125
2026-01-29 16:00:00,0.03672579697684916
2026-01-29 17:00:00,-0.008127769756951744
2026-01-29 18:00:00,0.18123812816062346
2026-01-29 19:00:00,-0.05281724793812963
2026-01-29 20:00:00,-0.01081401771641595
2026-01-29 21:00:00,-0.21985360845140584
2026-01-29 22:00:00,-0.1819834605671094
2026-01-29 23:00:00,
2026-01-30 00:00:00,-0.34131216622955285
2026-01-30 01:00:00,-0.20601970206759548
2026-01-30 02:00:00,-0.5074070286633504
2026-01-30 03:00:00,-0.3845602786364689
2026-01-30 04:00:00,-0.49508648614553286
2026-01-30 05:00:00,-0.46194923497868806
2026-01-30 06:00:00,-0.5801858720762119
2026-01-30 07:00:00,-0.5005379090769895
2026-01-30 08:00:00,-0.7209857048380519
2026-01-30 09:00:00,-0.5494480050433352
2026-01-30 10:00:00,-0.7046054813738318
2026-01-30 11:00:00,-0.8693398924944717
2026-01-30 12:00:00,-0.7013879947054094
2026-01-30 13:00:00,-0.8202874409809711
2026-01-30 14:00:00,-1.0001745898997514
2026-01-30 15:00:00,-0.8230551230609552
2026-01-30 16:00:00,-0.7804088990326588
2026-01-30 17:00:00,-0.7754148132039329
2026-01-30 18:00:00,-0.961760368770746
2026-01-30 19:00:00,-0.9273762118335092
2026-01-30 20:00:00,-0.9524782257880507
2026-01-30 21:00:00,-0.8217773157834803
2026-01-30 22:00:00,-1.0626009086135697
2026-01-30 23:00:00,-1.0363541850068474
2026-01-31 00:00:00,-1.079217300257794
2026-01-31 01:00:00,-1.1440235224263524
2026-01-31 02:00:00,-0.9751907010032117
2026-01-31 03:00:00,-0.838196126881601
2026-01-31 04:00:00,-1.0140306548373212
2026-01-31 05:00:00,-1.07573820600298
2026-01-31 06:00:00,-0.9597556083370975
2026-01-31 07:00:00,-0.9079723034980671
2026-01-31 08:00:00,-0.9685414315113146
2026-01-31 09:00:00,-0.7961860447415596
2026-01-31 10:00:00,-0.9990646785550465
2026-01-31 11:00:00,-0.9255156766212097
2026-01-31 12:00:00,
2026-01-31 13:00:00,-0.8088228232491509
2026-01-31 14:00:00,-0.8158286181639377
2026-01-31 15:00:00,-0.9187705900727842
2026-01-31 16:00:00,-0.5255237593416309
2026-01-31 17:00:00,-0.7494164756500742
2026-01-31 18:00:00,-0.6794695129267081
2026-01-31 19:00:00,-0.591767598824118
2026-01-31 20:00:00,-0.6784051480378371
2026-01-31 21:00:00,-0.5688332298397621
2026-01-31 22:00:00,-0.6005772646293247
2026-01-31 23:00:00,-0.44830100037855547
2026-02-01 00:00:00,-0.4732293360330861
2026-02-01 01:00:00,-0.3734101489473332
2026-02-01 02:00:00,-0.45858816670505365
2026-02-01 03:00:00,-0.3895920824900544
2026-02-01 04:00:00,-0.3952123872717986
2026-02-01 05:00:00,-0.28110130204974376
2026-02-01 06:00:00,-0.41822463029339857
2026-02-01 07:00:00,-0.14200323633140427
2026-02-01 08:00:00,-0.11485952064945837
2026-02-01 09:00:00,0.003667189468004003
2026-02-01 10:00:00,0.04307706310683395
2026-02-01 11:00:00,0.2142677511629239
2026-02-01 12:00:00,0.3977124798498666
2026-02-01 13:00:00,0.3014107259502959
2026-02-01 14:00:00,0.19125144532714428
2026-02-01 15:00:00,0.23553604251804866
2026-02-01 16:00:00,0.41934086959525646
2026-02-01 17:00:00,0.21090686633365158
2026-02-01 18:00:00,0.3935380095086026
2026-02-01 19:00:00,0.4459954229693004
2026-02-01 20:00:00,0.5717996455850387
2026-02-01 21:00:00,0.6170631437545498
2026-02-01 22:00:00,0.5221187838610888
2026-02-01 23:00:00,0.5945417879765651
2026-02-02 00:00:00,0.7183008961097894
2026-02-02 01:00:00,0.6300223236353526
2026-02-02 02:00:00,0.864872181627657
2026-02-02 03:00:00,0.8376598218383097
2026-02-02 04:00:00,0.8244298745083827
2026-02-02 05:00:00,0.8748877830636791
2026-02-02 06:00:00,0.8155262325530026
2026-02-02 07:00:00,
2026-02-02 08:00:00,0.8660472355729733
2026-02-02 09:00:00,0.9782827502766266
2026-02-02 10:00:00,0.9658293247614054
2026-02-02 11:00:00,0.9185295655533678
2026-02-02 12:00:00,1.0484260593179353
2026-02-02 13:00:00,0.9663020808605961
2026-02-02 14:00:00,0.9221308333170043
2026-02-02 15:00:00,1.022178142476204
2026-02-02 16:00:00,0.8982267940458424
2026-02-02 17:00:00,0.8310898169904405
2026-02-02 18:00:00,0.9970801669338694
2026-02-02 19:00:00,0.9271292272378387
2026-02-02 20:00:00,0.9602485242848671
2026-02-02 21:00:00,0.8793154404415248
2026-02-02 22:00:00,1.0847623701496114
2026-02-02 23:00:00,0.8831863102212164
2026-02-03 00:00:00,0.8892244788495508
2026-02-03 01:00:00,
2026-02-03 02:00:00,0.7539831254135125
2026-02-03 03:00:00,
2026-02-03 04:00:00,0.8800331298416352
2026-02-03 05:00:00,0.7693943147929139
2026-02-03 06:00:00,0.6936524260291269
2026-02-03 07:00:00,0.8120890929878037
2026-02-03 08:00:00,0.6366266979876627
2026-02-03 09:00:00,0.6546369558359127
2026-02-03 10:00:00,0.5550361815070641
2026-02-03 11:00:00,0.63593947535762
2026-02-03 12:00:00,0.6982331991668289
2026-02-03 13:00:00,0.3369363122430329
2026-02-03 14:00:00,0.49101085292628766
2026-02-03 15:00:00,0.5209071929246478
2026-02-03 16:00:00,0.34751376588981064
2026-02-03 17:00:00,0.22999459373508496
2026-02-03 18:00:00,0.3377731886718693
2026-02-03 19:00:00,0.34767967299965186
2026-02-03 20:00:00,0.28778413131205394
2026-02-03 21:00:00,
2026-02-03 22:00:00,
2026-02-03 23:00:00,-0.04000827273203232
2026-02-04 00:00:00,0.08638815086128819
2026-02-04 01:00:00,0.030830351654520027
2026-02-04 02:00:00,-0.21387450875664105
2026-02-04 03:00:00,-0.11327343085345862
2026-02-04 04:00:00,-0.133716767878654
2026-02-04 05:00:00,-0.15956713968909858
2026-02-04 06:00:00,-0.30343628278772594
2026-02-04 07:00:00,-0.42911171179587543
2026-02-04 08:00:00,-0.4401242786674194
2026-02-04 09:00:00,-0.5362188225599558
2026-02-04 10:00:00,-0.48509039163790624
2026-02-04 11:00:00,-0.5479612398295527
2026-02-04 12:00:00,-0.3507469047062654
2026-02-04 13:00:00,-0.5163450178422523
2026-02-04 14:00:00,
2026-02-04 15:00:00,-0.6351523201336619
2026-02-04 16:00:00,-0.7547404556564153
2026-02-04 17:00:00,-0.7794705669124302
2026-02-04 18:00:00,-0.8023581799895362
2026-02-04 19:00:00,-0.7952241577676071
2026-02-04 20:00:00,-0.8031679696293942
2026-02-04 21:00:00,-0.867942564680141
2026-02-04 22:00:00,-0.9208278256897264
2026-02-04 23:00:00,-0.9727006723155236
2026-02-05 00:00:00,-1.0717877978178207
2026-02-05 01:00:00,-0.8210833289805637
2026-02-05 02:00:00,-0.7433888011860069
2026-02-05 03:00:00,-0.8561144151281622
2026-02-05 04:00:00,-1.1116164935731403
2026-02-05 05:00:00,
2026-02-05 06:00:00,-0.8952318751009585
2026-02-05 07:00:00,-1.040161209348155
2026-02-05 08:00:00,
2026-02-05 09:00:00,-1.0423522705097166
2026-02-05 10:00:00,-0.8385334138871625
2026-02-05 11:00:00,-0.9471105552927032
2026-02-05 12:00:00,-1.0651210003807436
2026-02-05 13:00:00,-0.8937445661789681
2026-02-05 14:00:00,-0.8397611114276283
2026-02-05 15:00:00,-0.908371477669355
2026-02-05 16:00:00,-0.8604613134415899
2026-02-05 17:00:00,-0.8933265778011291
2026-02-05 18:00:00,-0.975505179409082
2026-02-05 19:00:00,-0.8508173502189658
2026-02-05 20:00:00,-0.7548139938715375
2026-02-05 21:00:00,-0.7893732122374313
2026-02-05 22:00:00,-0.6640016420898955
2026-02-05 23:00:00,-0.7489404678297742
2026-02-06 00:00:00,
2026-02-06 01:00:00,-0.5526565953844093
2026-02-06 02:00:00,-0.574170715977621
2026-02-06 03:00:00,-0.5966219338915412
2026-02-06 04:00:00,-0.4097719308660085
2026-02-06 05:00:00,-0.5384435504817786
2026-02-06 06:00:00,-0.4975063540131389
2026-02-06 07:00:00,-0.6619338848742481
2026-02-06 08:00:00,-0.38761423214646185
2026-02-06 09:00:00,-0.153742049601539
2026-02-06 10:00:00,-0.443526515634595
2026-02-06 11:00:00,-0.2825809877401745
2026-02-06 12:00:00,-0.0941045320232888
2026-02-06 13:00:00,-0.31277483149735175
2026-02-06 14:00:00,-0.08941366562968883
2026-02-06 15:00:00,
2026-02-06 16:00:00,0.2660102446046043
2026-02-06 17:00:00,0.1405888624897167
2026-02-06 18:00:00,
2026-02-06 19:00:00,0.11430201738539603
2026-02-06 20:00:00,0.2734525124334367
2026-02-06 21:00:00,
2026-02-06 22:00:00,0.5399823321952811
2026-02-06 23:00:00,0.49761236146908877
2026-02-07 00:00:00,0.4542818191016132
2026-02-07 01:00:00,0.4565730615904054
2026-02-07 02:00:00,0.8345601420926901
2026-02-07 03:00:00,0.6374085222725219
2026-02-07 04:00:00,0.5480944918821387
2026-02-07 05:00:00,0.6311878097770997
2026-02-07 06:00:00,0.6029480103969294
2026-02-07 07:00:00,0.4855520828562374
2026-02-07 08:00:00,0.7907674121432171
2026-02-07 09:00:00,0.9693408503886468
2026-02-07 10:00:00,0.6576515378750796
2026-02-07 11:00:00,0.8537898983394935
2026-02-07 12:00:00,0.8030050782426584
2026-02-07 13:00:00,0.9490895690249701
2026-02-07 14:00:00,0.9007036903733565
2026-02-07 15:00:00,0.8006296718086314
2026-02-07 16:00:00,0.8548774087531616
2026-02-07 17:00:00,0.8839236265977919
2026-02-07 18:00:00,1.1129296796123112
2026-02-07 19:00:00,1.1169173326743442
2026-02-07 20:00:00,0.9630767549415364
2026-02-07 21:00:00,1.1211220381375913
2026-02-07 22:00:00,
2026-02-07 23:00:00,
2026-02-08 00:00:00,1.0014318885061877
2026-02-08 01:00:00,1.0183320501476425
2026-02-08 02:00:00,0.9259553979166388
2026-02-08 03:00:00,0.9728786549806645
2026-02-08 04:00:00,1.0361854514879272
2026-02-08 05:00:00,0.9547703581773442
2026-02-08 06:00:00,0.9280991131172508
2026-02-08 07:00:00,0.9529295779274882
2026-02-08 08:00:00,0.9476100653719599
2026-02-08 09:00:00,0.8498994808741815
2026-02-08 10:00:00,0.7818203182530726
2026-02-08 11:00:00,0.8191593006448297
2026-02-08 12:00:00,0.6098389574487217
2026-02-08 13:00:00,0.7152729529510226
2026-02-08 14:00:00,0.45437491880158637
2026-02-08 15:00:00,0.4974205150390709
2026-02-08 16:00:00,0.44418441067853165
2026-02-08 17:00:00,0.6917716536333047
2026-02-08 18:00:00,
2026-02-08 19:00:00,0.37699114986095206
2026-02-08 20:00:00,0.5084387226153684
2026-02-08 21:00:00,
2026-02-08 22:00:00,0.4191143730518072
2026-02-08 23:00:00,0.3024205118167135
2026-02-09 00:00:00,0.2967612240509544
2026-02-09 01:00:00,0.31519824505768945
2026-02-09 02:00:00,0.1290964067721151
2026-02-09 03:00:00,0.129539239793459
2026-02-09 04:00:00,0.05104785102607545
2026-02-09 05:00:00,-0.13455208392062346
2026-02-09 06:00:00,0.06840157137254384
2026-02-09 07:00:00,0.1324854341789586
2026-02-09 08:00:00,-0.21042428723003265
2026-02-09 09:00:00,-0.07627171052924904
2026-02-09 10:00:00,-0.3058018977937905
2026-02-09 11:00:00,-0.25683152400441955
2026-02-09 12:00:00,-0.16714037671860765
2026-02-09 13:00:00,-0.4170205213609803
2026-02-09 14:00:00,-0.41256620464232746
2026-02-09 15:00:00,-0.636339215706104
2026-02-09 16:00:00,-0.566558185172629
2026-02-09 17:00:00,-0.7334612303901786
2026-02-09 18:00:00,-0.5412529142086364
2026-02-09 19:00:00,-0.5408806517009017
2026-02-09 20:00:00,
2026-02-09 21:00:00,-0.6704183960459634
2026-02-09 22:00:00,-0.7664813991793671
2026-02-09 23:00:00,-0.6929170157566846
2026-02-10 00:00:00,-0.7851676890555533
2026-02-10 01:00:00,-1.0258236844190605
2026-02-10 02:00:00,-0.7603308799833567
2026-02-10 03:00:00,-0.9182152004495824
2026-02-10 04:00:00,-1.0290287318467837
2026-02-10 05:00:00,-0.9663550236366552
2026-02-10 06:00:00,-1.1308291419664733
2026-02-10 07:00:00,
2026-02-10 08:00:00,-0.955541413337835
2026-02-10 09:00:00,-0.9581456857352764
2026-02-10 10:00:00,-0.9586970102254089
2026-02-10 11:00:00,
2026-02-10 12:00:00,-1.068226974629312
2026-02-10 13:00:00,-1.0054378636056522
2026-02-10 14:00:00,-1.0422597172620336
2026-02-10 15:00:00,-1.1571633297713757
2026-02-10 16:00:00,
2026-02-10 17:00:00,-0.8902668125375535
2026-02-10 18:00:00,-0.809019568231654
2026-02-10 19:00:00,-0.8889255639030627
2026-02-10 20:00:00,-0.783497965845965
2026-02-10 21:00:00,-0.9107946792156352
2026-02-10 22:00:00,-0.7242592733198068
2026-02-10 23:00:00,-0.6699611076859817
2026-02-11 00:00:00,-1.023477520680639
2026-02-11 01:00:00,-0.8005727203721452
2026-02-11 02:00:00,-0.7846100176519012
2026-02-11 03:00:00,-0.8042077135551101
2026-02-11 04:00:00,-0.679242163907078
2026-02-11 05:00:00,-0.6891332455322379
2026-02-11 06:00:00,-0.7298664557769038
2026-02-11 07:00:00,-0.6204141383127838
2026-02-11 08:00:00,-0.45717907947654735
2026-02-11 09:00:00,-0.5178229504897442
2026-02-11 10:00:00,-0.4304769121096929
2026-02-11 11:00:00,-0.4767381810566135
2026-02-11 12:00:00,-0.35856235818227516
2026-02-11 13:00:00,-0.47841486776228676
2026-02-11 14:00:00,-0.3602947834093566
2026-02-11 15:00:00,-0.27264171456052155
